GlaThiDa_ID,SURVEY_FREQUENCY,SURVEY_METHOD,MAXIMUM_THICKNESS
1,NaN,GPRt,220
2,NaN,GPRt,175
3,NaN,GPRt,250
4,NaN,DRIh,195
5,NaN,,NaN
6,5,GPRt,111
7,5,GPRt,38
8,NaN,,NaN
9,5,GPRt,NaN
10,5,GPRt,215
11,5,GPRt,25
12,5,GPRt,88
13,5,GPRt,91
14,5,GPRt,59
15,5,GPRt,110
16,5,GPRt,185
17,5,GPRt,65
18,5,GPRt,76
19,5,GPRt,NaN
20,5,GPRt,67
21,5,GPRt,73
22,5,GPRt,133
23,5,GPRt,50
24,5,GPRt,38
25,5,GPRt,49
26,5,GPRt,73
27,5,GPRt,61
28,5,GPRt,146
29,5,GPRt,38
30,5,GPRt,88
31,5,GPRt,98
32,5,GPRt,62
33,100,GPRt,107
34,NaN,SEI,200
35,NaN,GPRa,NaN
36,NaN,GPRa,NaN
37,NaN,GPRa,NaN
38,NaN,GPRa,NaN
39,NaN,GPRt,NaN
40,NaN,GPRt,NaN
41,NaN,GPRt,NaN
42,NaN,GPRt,NaN
43,440,GPRa,NaN
44,440,GPRa,NaN
45,NaN,,900
46,440,GPRt,NaN
47,440,GPRa,NaN
48,NaN,SEI,116
49,NaN,SEI,139
50,440,GPRa,NaN
51,440,GPRa,NaN
52,440,GPRa,NaN
53,440,GPRa,NaN
54,440,GPRa,NaN
55,440,GPRa,NaN
56,440,GPRa,NaN
57,440,GPRa,NaN
58,440,GPRa,NaN
59,440,GPRa,NaN
60,440,GPRa,NaN
61,NaN,,NaN
62,440,GPRa,NaN
63,440,GPRa,NaN
64,440,GPRa,NaN
65,440,GPRa,NaN
66,440,GPRa,NaN
67,440,GPRa,NaN
68,440,GPRa,NaN
69,440,GPRa,NaN
70,440,GPRa,NaN
71,440,GPRa,NaN
72,440,GPRa,NaN
73,440,GPRa,NaN
74,440,GPRa,NaN
75,440,GPRa,NaN
76,440,GPRa,NaN
77,440,GPRa,NaN
78,440,GPRa,NaN
79,440,GPRa,NaN
80,440,GPRa,NaN
81,440,GPRa,NaN
82,440,GPRa,NaN
83,440,GPRa,NaN
84,440,GPRa,NaN
85,440,GPRa,NaN
86,440,GPRa,NaN
87,440,GPRa,NaN
88,440,GPRa,NaN
89,440,GPRa,NaN
90,440,GPRa,NaN
91,440,GPRt,NaN
92,440,GPRt,NaN
93,NaN,SEI,NaN
94,NaN,SEI,NaN
95,NaN,SEI,NaN
96,NaN,SEI,200
97,NaN,SEI,80
98,NaN,SEI,NaN
99,NaN,SEI,NaN
100,NaN,SEI,92
101,NaN,SEI,290
102,NaN,SEI,NaN
103,NaN,SEI,NaN
104,NaN,SEI,30
105,NaN,SEI,NaN
106,NaN,SEI,NaN
107,NaN,SEI,NaN
108,NaN,SEI,NaN
109,620,GPRa,150
110,620,GPRa,350
111,620,GPRa,140
112,620,GPRa,145
113,620,GPRa,135
114,620,GPRa,95
115,620,GPRa,120
116,620,GPRa,110
117,620,GPRa,110
118,620,GPRa,150
119,620,GPRa,120
120,620,GPRa,150
121,620,GPRa,125
122,620,GPRa,130
123,620,GPRa,175
124,620,GPRa,115
125,620,GPRa,210
126,620,GPRa,185
127,620,GPRa,165
128,620,GPRa,195
129,620,GPRa,320
130,620,GPRa,145
131,620,GPRa,500
132,620,GPRa,110
133,620,GPRa,165
134,620,GPRa,210
135,620,GPRa,310
136,620,GPRa,100
137,620,GPRa,330
138,620,GPRa,165
139,620,GPRa,165
140,620,GPRa,540
141,620,GPRa,120
142,620,GPRa,385
143,620,GPRa,165
144,620,GPRa,120
145,620,GPRa,315
146,620,GPRa,430
147,620,GPRa,140
148,620,GPRa,205
149,620,GPRa,125
150,620,GPRa,430
151,620,GPRa,165
152,620,GPRa,320
153,620,GPRa,330
154,620,GPRa,150
155,620,GPRa,165
156,620,GPRa,210
157,620,GPRa,260
158,620,GPRa,145
159,620,GPRa,180
160,620,GPRa,350
161,620,GPRa,330
162,620,GPRa,350
163,620,GPRa,120
164,620,GPRa,215
165,620,GPRt,120
166,NaN,SEI,576
167,NaN,SEI,375
168,NaN,GPRa,450
169,NaN,GPRa,310
170,NaN,GPRa,310
171,NaN,GPRa,185
172,NaN,GPRa,383
173,NaN,GPRa,290
174,NaN,GPRa,281
175,NaN,GPRa,310
176,NaN,GPRa,102
177,NaN,GPRa,312
178,NaN,GPRa,240
179,NaN,GPRa,298
180,NaN,GPRa,280
181,NaN,GPRa,225
182,NaN,GPRa,210
183,NaN,GPRa,185
184,NaN,GPRa,250
185,NaN,GPRa,238
186,NaN,GPRa,215
187,NaN,GPRa,200
188,NaN,GPRa,145
189,NaN,GPRa,274
190,NaN,GPRa,140
191,NaN,GPRa,210
192,NaN,GPRa,101
193,NaN,GPRa,250
194,NaN,,280
195,NaN,,300
196,NaN,DRIm,100
197,NaN,,NaN
198,NaN,,NaN
199,NaN,,250
200,NaN,GPRt,172
201,NaN,SEI,1050
202,NaN,SEI,603
203,35,GPRt,NaN
204,840,GPRa,200
206,NaN,,NaN
207,NaN,,NaN
208,NaN,,NaN
209,NaN,,NaN
210,NaN,,NaN
211,NaN,,NaN
212,20,GPRt,162
213,20,GPRt,153
214,3.5,GPRt,750
215,20,GPRt,40
216,20,GPRt,79
217,20,GPRt,500
218,8,GPRt,600
219,NaN,SEI,890
220,NaN,GPRt,300
221,NaN,GPRt,121
222,NaN,GPRt,66
223,620,GPRt,143
224,1.7,SEI,1477
229,NaN,GPRt,580
230,100,GPRa,2500
231,440,GPRt,370
232,NaN,GPRt,20
233,NaN,GPRt,12
234,NaN,GPRt,36
235,NaN,GPRt,120
236,100,GPRt,NaN
237,5,GPRt,NaN
304,NaN,SEI,NaN
305,NaN,SEI,NaN
306,NaN,SEI,NaN
307,NaN,SEI,NaN
308,NaN,SEI,80
309,NaN,SEI,NaN
310,NaN,SEI,17
311,NaN,SEI,NaN
312,NaN,SEI,NaN
313,NaN,SEI,60
314,NaN,SEI,NaN
315,NaN,SEI,105
316,NaN,SEI,NaN
317,NaN,SEI,NaN
318,NaN,SEI,180
319,5,GPRt,270
320,40,GPRt,300
321,NaN,SEI,384
322,25,GPRt,160
323,25,GPRt,200
324,25,GPRt,422
325,NaN,DRIh,121
326,NaN,GPRt,235
333,12.5,GPRt,120
334,20,GPRt,440
335,20,GPRt,157
336,4.2,GPRt,270
337,2.5,GPRt,245
338,5,GPRt,170
339,100,GPRa,819
340,100,GPRa,200
341,345,GPRh,140
343,NaN,GPRt,380
344,NaN,GPRt,NaN
345,NaN,GPRt,NaN
347,NaN,GPRt,560
348,2,GPRa,1250
349,2.2,GPRt,700
350,2.2,GPRt,740
351,NaN,SEI,50
352,NaN,GPRt,1050
358,10,GPRt,80
360,50,GPRt,83
361,50,GPRt,158
362,100,GPRt,36
363,25,GPRt,140
364,25,GPRt,110
365,NaN,SEI,220
366,NaN,GPRt,91
367,NaN,GPRt,113
368,NaN,GPRt,113
369,NaN,GPRt,99
370,NaN,GPRt,148
371,NaN,GPRt,109
372,NaN,GPRt,104
373,NaN,GPRt,122
374,NaN,GPRt,143
375,NaN,GPRt,130
376,NaN,GPRt,126
377,NaN,GPRt,108
378,NaN,GPRt,113
379,NaN,GPRt,113
380,NaN,GPRt,122
381,NaN,GPRt,116
382,NaN,GPRt,120
383,NaN,GPRt,128
384,NaN,GPRt,235
385,NaN,GPRt,147
386,NaN,GPRt,125
387,NaN,GPRt,122
388,NaN,GPRt,134
389,NaN,GPRt,130
390,NaN,GPRt,140
391,NaN,GPRt,194
392,NaN,GPRt,148
393,NaN,GPRt,118
394,NaN,GPRt,185
395,NaN,GPRt,156
396,NaN,GPRt,150
397,NaN,GPRt,128
398,NaN,GPRt,130
399,NaN,GPRt,185
400,NaN,GPRt,88
401,NaN,GPRt,92
402,NaN,GPRt,80
403,NaN,GPRt,101
404,NaN,GPRt,97
405,NaN,GPRt,126
406,NaN,GPRt,118
407,NaN,GPRt,76
408,NaN,GPRt,105
409,NaN,GPRt,113
410,NaN,GPRt,100
411,NaN,GPRt,125
412,NaN,GPRt,113
413,NaN,GPRt,109
414,NaN,GPRt,109
415,NaN,GPRt,113
416,NaN,GPRt,92
417,NaN,GPRt,109
418,NaN,GPRt,105
419,NaN,GPRt,134
420,NaN,GPRt,143
421,NaN,GPRt,109
422,5.5,GPRt,180
423,NaN,GPRa,325
424,NaN,GPRa,330
425,NaN,GPRa,295
426,NaN,GPRa,400
427,NaN,GPRa,170
429,NaN,GPRa,320
431,NaN,GPRa,260
433,NaN,GPRa,220
434,NaN,GPRa,140
435,NaN,GPRa,380
437,NaN,GPRa,100
438,NaN,GPRa,315
440,NaN,GPRa,260
442,NaN,GPRa,200
444,NaN,GPRa,260
446,NaN,GPRa,585
448,NaN,GPRa,320
450,NaN,GPRa,250
451,NaN,GPRa,400
453,NaN,GPRa,160
455,NaN,GPRa,430
457,NaN,GPRa,380
458,NaN,GPRa,330
460,NaN,GPRa,320
462,NaN,GPRa,400
463,NaN,GPRa,300
464,NaN,GPRa,556
466,100,GPRt,72
467,NaN,GPRa,420
468,NaN,GPRa,430
469,NaN,GPRa,350
470,NaN,GPRa,350
471,NaN,GPRa,315
472,NaN,GPRa,320
473,NaN,GPRa,450
474,NaN,GPRa,430
475,NaN,GPRa,390
476,NaN,GPRa,380
477,NaN,GPRa,130
478,NaN,GPRa,300
479,NaN,GPRa,380
480,NaN,GPRa,380
481,NaN,GPRa,230
482,NaN,GPRa,230
483,NaN,GPRa,190
484,NaN,GPRa,200
485,NaN,GPRa,400
486,200,GPRt,52
487,200,GPRt,17
488,200,GPRt,52
489,200,GPRt,13
490,200,GPRt,16
491,NaN,GPRa,NaN
492,NaN,GPRa,NaN
493,NaN,GPRa,NaN
494,NaN,GPRa,NaN
495,NaN,GPRa,NaN
496,NaN,GPRa,NaN
497,NaN,GPRt,226
498,50,GPRt,NaN
500,NaN,GEL,107
501,100,GPRt,82
502,100,GPRt,71
503,NaN,GPRt,140
504,2.5,GPRt,85
505,NaN,,132
506,NaN,,126
507,30,GPRh,624
508,30,GPRh,799
510,NaN,GPRt,413
511,NaN,GPRt,170
512,2.5,GPRt,617
513,NaN,GPRt,222
514,NaN,GPRt,114
515,NaN,GPRt,94
516,NaN,GPRt,42
525,NaN,GPRt,54
528,1,GPRa,670
529,NaN,GPRt,139
530,NaN,GPRt,98
531,NaN,GPRt,48
532,NaN,GPRt,44
533,NaN,GPRt,97
534,NaN,GPRt,106
535,NaN,GPRt,42
536,NaN,GPRt,117
537,NaN,GPRt,105
538,NaN,GPRt,138
539,NaN,GPRt,75
540,NaN,GPRt,90
541,NaN,GPRt,73
542,NaN,GPRt,192
543,NaN,GPRt,105
544,NaN,GPRt,75
545,NaN,GPRt,89
546,NaN,GPRt,79
548,NaN,GPRt,144
549,NaN,GPRt,263
550,NaN,GPRt,163
551,NaN,GPRt,218
552,NaN,GPRt,214
553,NaN,GPRt,148
554,NaN,DRIh,138
555,100,GPRa,238
556,100,GPRa,291
557,100,GPRa,212
558,100,GPRa,144
559,100,GPRa,230
1933,6.5,GPRt,82
1934,6.5,GPRt,137
1935,6.5,GPRt,83
1936,6.5,GPRt,214
1937,6.5,GPRt,60
1938,NaN,GPRt,44
1939,NaN,GPRt,31
1940,NaN,GPRt,59
1941,NaN,GPRt,47
1942,NaN,GPRt,63
1943,NaN,GPRt,81
1944,NaN,GPRt,33
1945,NaN,GPRt,43
1946,NaN,GPRt,63
1947,6.5,GPRt,163
1948,6.5,GPRt,97
1949,6.5,GPRt,87
1950,6.5,GPRt,69
1951,6.5,GPRt,74
1952,6.5,GPRt,56
1953,6.5,GPRt,107
1954,6.5,GPRt,178
1955,6.5,GPRt,99
1956,6.5,GPRt,108
1957,6.5,GPRt,124
1958,6.5,GPRt,221
1959,6.5,GPRt,55
1960,6.5,GPRt,32
1961,6.5,GPRt,76
1962,6.5,GPRt,201
1963,6.5,GPRt,131
1964,6.5,GPRt,242
1965,6.5,GPRt,155
1966,6.5,GPRt,100
1967,6.5,GPRt,111
1968,6.5,GPRt,119
1969,6.5,GPRt,70
1970,6.5,GPRt,155
1971,6.5,GPRt,147
1972,6.5,GPRt,131
1973,6.5,GPRt,131
1974,6.5,GPRt,187
1975,6.5,GPRt,188
1977,6.5,GPRt,98
1978,6.5,GPRt,42
1979,6.5,GPRt,208
1980,6.5,GPRt,163
1981,6.5,GPRt,167
1982,6.5,GPRt,85
1983,6.5,GPRt,311
1984,6.5,GPRt,78
1985,6.5,GPRt,62
1986,6.5,GPRt,104
1987,6.5,GPRt,117
1988,6.5,GPRt,94
1989,6.5,GPRt,131
1990,6.5,GPRt,197
1991,6.5,GPRt,70
1992,6.5,GPRt,107
1993,6.5,GPRt,94
1994,6.5,GPRt,35
1995,6.5,GPRt,93
1996,6.5,GPRt,142
1997,6.5,GPRt,151
1998,6.5,GPRt,131
1999,6.5,GPRt,153
2000,6.5,GPRt,82
2001,6.5,GPRt,26
2002,6.5,GPRt,110
2003,6.5,GPRt,219
2004,6.5,GPRt,62
2005,6.5,GPRt,129
2006,6.5,GPRt,67
2007,6.5,GPRt,83
2008,6.5,GPRt,80
2009,6.5,GPRt,74
2010,4,GPRt,134
2093,10,GPRt,48
2011,10,GPRt,53
2012,10,GPRt,109
2013,100,GPRa,22
2014,100,GPRa,50
2015,100,GPRa,44
2016,100,GPRa,48
2017,30,GPRh,57
2018,50,GPRa,54
2019,100,GPRa,29
2020,100,GPRa,18
2021,100,GPRa,51
2022,100,GPRa,58
2023,100,GPRa,44
2024,100,GPRa,57
2025,25,GPRa,174
2026,100,GPRa,36
2027,50,GPRh,132
2028,50,GPRh,91
2029,50,GPRh,69
2030,50,GPRh,206
2031,50,GPRh,185
2032,50,GPRh,300
2033,50,GPRh,146
2034,25,GPRh,122
2035,25,GPRh,79
2036,25,GPRh,190
2037,25,GPRh,138
2038,25,GPRh,113
2039,25,GPRh,57
2040,25,GPRh,775
2041,25,GPRh,118
2042,25,GPRh,262
2043,25,GPRh,94
2044,25,GPRh,191
2045,50,GPRh,151
2046,50,GPRh,83
2047,50,GPRh,88
2048,50,GPRh,97
2049,50,GPRh,128
2050,50,GPRh,138
2051,50,GPRh,95
2052,50,GPRh,116
2053,50,GPRh,90
2054,50,GPRh,205
2055,50,GPRh,342
2057,10,GPRh,220
2058,10,GPRh,233
2059,10,GPRh,182
2060,10,GPRh,257
2061,50,GPRt,137
2062,10,GPRh,211
2063,10,GPRh,357
2065,10,GPRh,375
2066,10,GPRh,471
2067,10,GPRh,388
2068,10,GPRh,386
2069,10,GPRh,535
2070,8,GPRh,325
2071,8.1,GPRt,635
2072,20,GPRt,105
2073,20,GPRt,105
2074,20,GPRt,333
2075,25,GPRt,285
2076,25,GPRt,212
2077,5,GPRt,149
2078,10,GPRt,181
2079,10,GPRt,204
2080,195,GPRt,1020
2081,3,GPRt,953
2082,NaN,SEI,633
2083,100,GPRt,141
2084,5,GPRt,185
2085,NaN,GPRt,122
2086,NaN,GPRt,104
2087,NaN,GPRt,140
2088,NaN,GPRt,140
2089,NaN,GPRt,120
2090,20,GPRt,159
2091,25,GPRt,83
2092,50,GPRt,174
2094,7,GPRt,314
2095,100,GPRt,14
2096,100,GPRt,66
2097,100,GPRt,72
2098,100,GPRt,177
2099,100,GPRt,148
2100,300,GPRt,121
2101,5,GPRt,154
2102,100,GPRt,68
2103,100,GPRt,169
2104,9,GPRt,241
2105,9,GPRt,158
2106,9,GPRt,241
2107,9,GPRt,163
2108,10,GPRt,557
2109,20,GPRt,191
2110,20,GPRt,108
2111,20,GPRt,106
2112,20,GPRt,190
2113,20,GPRt,266
2114,20,GPRt,64
2115,20,GPRt,122
2116,20,GPRt,87
2117,20,GPRt,106
2118,20,GPRt,87
2119,20,GPRt,103
2120,20,GPRt,103
2121,20,GPRt,214
2122,20,GPRt,51
2123,15,GPRt,191
2124,100,GPRt,54
2125,30,GPRh,436
2126,70,GPRh,252
2127,70,GPRh,35
2128,70,GPRh,57
2129,NaN,GPRh,32
2130,70,GPRh,85
2131,70,GPRh,229
2132,70,GPRh,168
2133,70,GPRh,147
2134,NaN,GPRh,256
2135,70,GPRh,259
2136,70,GPRh,60
2137,70,GPRh,111
2138,70,GPRh,53
2139,70,GPRh,53
2140,70,GPRh,32
2141,70,GPRh,156
2142,70,GPRh,138
2143,30,GPRh,452
2144,102.5,GPRh,127
2145,70,GPRh,252
2146,30,GPRh,58
2147,70,GPRh,238
2148,102.5,GPRh,590
2149,102.5,GPRh,386
2150,25,GPRt,245
2151,30,GPRh,52
2152,70,GPRh,107
2153,102.5,GPRh,76
2154,70,GPRh,116
2155,70,GPRh,89
2156,30,GPRh,168
2157,30,GPRh,131
2158,70,GPRh,172
2159,30,GPRh,106
2160,70,GPRh,190
2161,70,GPRh,247
2162,70,GPRh,156
2163,102.5,GPRh,73
2164,70,GPRh,183
2165,30,GPRh,140
2166,70,GPRh,138
2167,70,GPRh,271
2168,30,GPRh,256
2169,70,GPRh,180
2170,102.5,GPRh,157
2171,NaN,GPRh,146
2172,70,GPRh,90
2173,30,GPRh,77
2174,30,GPRh,65
2175,70,GPRh,90
2176,70,GPRh,83
2177,70,GPRh,57
2178,70,GPRh,173
2179,30,GPRh,333
2180,70,GPRh,147
2181,70,GPRh,223
2182,70,GPRh,116
2183,70,GPRh,100
2184,30,GPRh,364
2185,30,GPRh,157
2186,70,GPRh,220
2187,70,GPRh,271
2188,60,GPRa,451
2189,20,GPRt,387
2190,60,GPRa,422
2191,60,GPRa,581
2192,20,GPRt,565
2193,60,GPRa,471
2194,20,GPRt,439
2195,60,GPRa,582
2196,20,GPRt,500
2197,60,GPRa,480
2198,60,GPRa,496
2199,60,GPRa,250
2200,60,GPRa,180
2201,60,GPRa,343
2202,60,GPRa,204
2203,10,GPRt,357
2204,10,GPRt,359
2205,60,GPRa,315
2206,60,GPRa,261
2207,60,GPRa,324
2208,10,GPRt,299
2209,60,GPRa,242
2210,60,GPRa,202
2211,60,GPRa,220
2212,60,GPRa,316
2213,60,GPRa,224
2214,60,GPRa,353
2215,10,GPRt,376
2216,10,GPRt,376
2217,60,GPRa,330
2218,60,GPRa,309
2219,60,GPRa,273
2220,60,GPRa,183
2221,60,GPRa,301
2222,60,GPRa,313
2223,60,GPRa,600
2224,60,GPRa,296
2225,60,GPRa,325
2226,60,GPRa,206
2227,60,GPRa,261
2228,60,GPRa,177
2229,60,GPRa,184
2230,60,GPRa,110
2231,60,GPRa,203
2232,60,GPRa,209
2233,60,GPRa,182
2234,60,GPRa,209
2235,60,GPRa,119
2236,60,GPRa,162
2237,25,GPRt,349
2238,25,GPRt,168
2239,60,GPRa,102
2240,25,GPRt,82
2241,20,GPRt,454
2242,60,GPRh,256
2243,60,GPRh,241
2244,30,GPRt,269
2245,60,GPRh,230
2246,60,GPRh,313
2247,NaN,DRIh,206
2248,NaN,DRIh,330
2249,NaN,DRIh,290
2250,25,GPRt,387
2251,20,GPRh,317
2252,60,GPRh,219
2253,25,GPRt,123
2254,20,GPRt,544
2255,20,GPRh,619
2256,NaN,DRIm,586
2257,25,GPRt,305
2258,20,GPRh,526
2259,60,GPRh,225
2260,25,GPRt,279
2261,60,GPRh,19
2262,60,GPRa,166
2263,60,GPRa,277
2264,60,GPRa,252
2265,60,GPRa,286
2266,60,GPRa,292
2267,60,GPRa,256
2268,60,GPRa,320
2269,60,GPRa,213
2270,60,GPRa,199
2271,60,GPRa,203
2272,60,GPRa,235
2273,60,GPRa,322
2274,60,GPRa,233
2275,60,GPRa,79
2276,60,GPRa,345
2277,60,GPRa,176
2278,60,GPRa,311
2279,20,GPRt,647
2280,20,GPRh,618
2281,20,GPRt,534
2282,60,GPRa,428
2283,60,GPRa,321
2284,60,GPRa,255
2285,60,GPRa,223
2286,60,GPRa,296
2287,60,GPRa,208
2288,60,GPRa,410
2289,60,GPRa,326
2290,30,GPRt,284
2291,30,GPRt,251
2292,50,GPRt,79
2293,50,GPRt,122
2294,12.5,GPRt,247
2295,50,GPRt,220
2296,50,GPRt,231
2297,6.5,GPRt,228
2298,50,GPRt,162
2299,50,GPRt,134
2300,12.5,GPRt,257
2301,50,GPRt,256
2302,50,GPRt,162
2303,50,GPRt,252
2304,50,GPRt,172
2305,12.5,GPRt,68
2306,50,GPRt,91
2307,60,GPRa,318
2308,12.5,GPRt,301
2309,50,GPRt,281
2310,50,GPRt,279
2311,50,GPRt,213
2312,6.5,GPRt,267
2313,60,GPRa,258
2314,60,GPRa,241
2315,60,GPRa,308
2316,60,GPRa,475
2317,60,GPRa,584
2318,60,GPRa,563
2319,20,GPRt,592
2320,60,GPRa,270
2321,60,GPRa,438
2322,60,GPRa,401
2323,8,GPRt,338
2324,60,GPRa,146
2325,NaN,DRIh,124
2326,12.5,GPRt,184
2327,50,GPRt,176
2328,50,GPRt,163
2329,5,GPRt,183
2330,25,GPRt,418
2331,60,GPRa,120
2332,NaN,DRIh,107
2333,NaN,DRIh,106
2334,12.5,GPRt,123
2335,60,GPRa,235
2336,60,GPRa,371
2337,8,GPRt,328
2338,12.5,GPRt,293
2339,60,GPRa,304
2340,8,GPRt,278
2341,12.5,GPRt,252
2342,8,GPRt,297
2343,10,GPRt,48
2344,10,GPRt,143
2345,10,GPRh,135
2346,10,GPRh,85
2347,10,GPRt,384
2348,10,GPRh,298
2349,10,GPRh,344
2350,60,GPRa,375
2351,60,GPRa,227
2352,10,GPRt,283
2353,10,GPRt,393
2354,10,GPRh,210
2355,60,GPRa,592
2356,NaN,DRIh,567
2357,20,GPRt,590
2358,60,GPRa,557
2359,20,GPRt,581
2360,10,GPRh,421
2361,15,GPRt,613
2362,60,GPRa,429
2363,20,GPRt,395
2364,60,GPRa,573
2365,20,GPRt,567
2366,60,GPRa,531
2367,20,GPRt,459
2368,60,GPRa,362
2369,60,GPRa,135
2370,60,GPRa,358
2371,60,GPRa,371
2372,20,GPRt,399
2373,60,GPRa,149
2374,60,GPRa,196
2375,60,GPRa,307
2376,60,GPRa,351
2377,60,GPRa,133
2378,NaN,DRIm,86
2379,60,GPRa,220
2380,60,GPRa,319
2381,60,GPRa,251
2382,60,GPRa,355
2383,60,GPRa,300
2384,60,GPRa,297
2385,60,GPRa,266
2386,60,GPRa,658
2387,60,GPRa,280
2388,60,GPRa,383
2389,60,GPRa,265
2390,60,GPRa,172
2391,60,GPRa,196
2392,60,GPRa,232
2393,60,GPRa,205
2394,60,GPRa,194
2395,60,GPRa,221
2396,60,GPRa,252
2397,60,GPRa,264
2398,60,GPRa,201
2399,60,GPRa,75
2400,60,GPRa,313
2401,60,GPRa,329
2402,60,GPRa,163
2403,NaN,DRIm,211
2404,60,GPRa,231
2405,30,GPRt,50
2406,60,GPRa,219
2407,60,GPRa,428
2408,60,GPRa,241
2409,10,GPRt,396
2410,10,GPRt,370
2411,60,GPRa,310
2412,25,GPRt,13
2413,60,GPRa,346
2414,25,GPRt,339
2415,60,GPRa,223
2416,60,GPRa,287
2417,60,GPRa,158
2418,60,GPRa,434
2419,12.5,GPRt,595
2420,10,GPRt,261
2421,10,GPRt,294
2422,60,GPRa,599
2423,10,GPRt,397
2424,10,GPRt,512
2425,10,GPRt,570
2426,10,GPRh,549
2427,10,GPRh,455
2428,10,GPRh,573
2429,10,GPRh,261
2430,60,GPRa,277
2431,12.5,GPRt,179
2432,10,GPRt,336
2433,10,GPRt,441
2434,10,GPRt,394
2435,10,GPRh,399
2436,10,GPRh,329
2437,10,GPRh,435
2438,60,GPRa,260
2439,60,GPRa,223
2440,60,GPRa,249
2441,60,GPRa,258
2442,60,GPRa,410
2443,60,GPRa,340
2444,60,GPRa,418
2445,60,GPRa,251
2446,60,GPRa,163
2447,10,GPRt,351
2448,10,GPRt,335
2449,60,GPRa,394
2450,60,GPRa,380
2451,8,GPRt,446
2452,12.5,GPRt,410
2453,8,GPRt,433
2454,10,GPRt,144
2455,10,GPRt,152
2456,10,GPRt,127
2457,10,GPRh,144
2458,10,GPRh,100
2459,10,GPRt,443
2460,60,GPRa,403
2461,10,GPRt,206
2462,60,GPRa,557
2463,10,GPRh,477
2464,10,GPRh,546
2465,10,GPRh,537
2466,10,GPRh,462
2467,10,GPRh,733
2468,60,GPRa,129
2469,15,GPRt,231
2470,60,GPRa,319
2471,60,GPRa,248
2472,10,GPRt,349
2473,10,GPRt,354
2474,60,GPRa,436
2475,10,GPRt,74
2476,60,GPRa,359
2477,60,GPRa,293
2478,10,GPRt,361
2479,10,GPRt,375
2480,60,GPRa,518
2481,60,GPRa,264
2482,60,GPRa,436
2483,NaN,DRIm,135
2484,60,GPRa,333
2485,60,GPRa,138
2486,NaN,DRIm,208
2487,60,GPRa,245
2488,10,GPRt,345
2489,60,GPRa,317
2490,60,GPRa,367
2491,60,GPRa,161
2492,60,GPRa,330
2493,60,GPRa,724
2494,60,GPRa,159
2495,60,GPRa,281
2496,60,GPRa,287
2497,NaN,DRIm,126
2498,60,GPRa,390
2499,60,GPRa,152
2500,150,GPRa,442
2501,150,GPRa,642
2502,150,GPRa,465
2503,150,GPRa,193
2504,150,GPRa,629
2505,150,GPRa,594
2506,150,GPRa,564
2507,150,GPRa,460
2508,150,GPRa,642
2509,150,GPRa,479
2510,150,GPRa,1237
2511,150,GPRa,497
2512,150,GPRa,205
2513,150,GPRa,386
2514,150,GPRa,393
2515,150,GPRa,370
2516,150,GPRa,547
2517,150,GPRa,30
2518,150,GPRa,625
2519,150,GPRa,64
2520,150,GPRa,794
2521,150,GPRa,883
2522,150,GPRa,866
2523,150,GPRa,574
2524,150,GPRa,600
2525,150,GPRa,515
2526,150,GPRa,857
2527,150,GPRa,225
2528,150,GPRa,887
2529,150,GPRa,813
2530,150,GPRa,936
2531,150,GPRa,723
2532,150,GPRa,908
2533,150,GPRa,891
2534,150,GPRa,541
2535,150,GPRa,324
2536,150,GPRa,371
2537,150,GPRa,456
2538,150,GPRa,420
2539,150,GPRa,501
2540,150,GPRa,375
2541,150,GPRa,514
2542,150,GPRa,235
2543,150,GPRa,52
2544,150,GPRa,172
2545,150,GPRa,180
2546,150,GPRa,99
2547,150,GPRa,181
2548,150,GPRa,225
2549,150,GPRa,215
2550,150,GPRa,82
2551,150,GPRa,334
2552,150,GPRa,245
2553,150,GPRa,638
2554,150,GPRa,251
2555,150,GPRa,478
2556,150,GPRa,1026
2557,150,GPRa,541
2558,150,GPRa,366
2559,150,GPRa,562
2560,150,GPRa,467
2561,150,GPRa,273
2562,150,GPRa,459
2563,150,GPRa,245
2564,150,GPRa,326
2565,150,GPRa,516
2566,150,GPRa,449
2567,150,GPRa,150
2568,150,GPRa,86
2569,150,GPRa,164
2570,150,GPRa,255
2571,150,GPRa,107
2572,150,GPRa,172
2573,150,GPRa,18
2574,150,GPRa,275
2575,150,GPRa,69
2576,150,GPRa,50
2577,150,GPRa,327
2578,150,GPRa,401
2579,150,GPRa,294
2580,150,GPRa,42
2581,150,GPRa,217
2582,150,GPRa,231
2583,150,GPRa,326
2584,150,GPRa,640
2585,150,GPRa,346
2586,150,GPRa,486
2587,150,GPRa,530
2588,150,GPRa,574
2589,150,GPRa,516
2590,150,GPRa,617
2591,150,GPRa,269
2592,150,GPRa,148
2593,150,GPRa,160
2594,150,GPRa,526
2595,150,GPRa,512
2596,150,GPRa,287
2597,150,GPRa,161
2598,150,GPRa,570
2599,150,GPRa,684
2600,150,GPRa,811
2601,150,GPRa,898
2602,150,GPRa,621
2603,150,GPRa,298
2604,150,GPRa,913
2605,150,GPRa,300
2606,150,GPRa,669
2607,150,GPRa,459
2608,150,GPRa,411
2609,150,GPRa,1063
2610,150,GPRa,143
2611,150,GPRa,63
2612,150,GPRa,832
2613,150,GPRa,378
2614,150,GPRa,145
2615,150,GPRa,829
2616,150,GPRa,732
2617,150,GPRa,129
2618,150,GPRa,424
2619,150,GPRa,695
2620,150,GPRa,303
2621,150,GPRa,704
2622,150,GPRa,294
2623,150,GPRa,249
2624,150,GPRa,32
2625,150,GPRa,152
2626,150,GPRa,192
2627,150,GPRa,306
2628,150,GPRa,153
2629,150,GPRa,655
2630,150,GPRa,766
2631,150,GPRa,179
2632,150,GPRa,94
2633,150,GPRa,45
2634,150,GPRa,238
2635,150,GPRa,909
2636,150,GPRa,773
2637,150,GPRa,659
2638,150,GPRa,659
2639,150,GPRa,327
2640,150,GPRa,667
2641,150,GPRa,869
2642,150,GPRa,591
2643,150,GPRa,524
2644,150,GPRa,645
2645,150,GPRa,462
2646,150,GPRa,381
2647,150,GPRa,476
2648,150,GPRa,431
2649,150,GPRa,510
2650,150,GPRa,562
2651,150,GPRa,660
2652,150,GPRa,444
2653,150,GPRa,97
2654,150,GPRa,1504
2655,150,GPRa,169
2656,150,GPRa,1205
2657,150,GPRa,546
2658,150,GPRa,700
2659,150,GPRa,736
2660,150,GPRa,851
2661,150,GPRa,891
2662,150,GPRa,459
2663,150,GPRa,646
2664,150,GPRa,782
2665,150,GPRa,915
2666,150,GPRa,655
2667,150,GPRa,689
2668,150,GPRa,585
2669,150,GPRa,696
2670,150,GPRa,691
2671,150,GPRa,924
2672,150,GPRa,809
2673,150,GPRa,416
2674,150,GPRa,1111
2675,150,GPRa,598
2676,150,GPRa,34
2677,150,GPRa,39
2678,150,GPRa,277
2679,150,GPRa,255
2680,150,GPRa,311
2681,150,GPRa,54
2682,150,GPRa,104
2683,150,GPRa,292
2684,150,GPRa,297
2685,150,GPRa,256
2686,150,GPRa,610
2687,150,GPRa,111
2688,150,GPRa,236
2689,150,GPRa,465
2690,150,GPRa,527
2691,150,GPRa,546
2692,150,GPRa,527
2693,150,GPRa,68
2694,150,GPRa,154
2695,150,GPRa,276
2696,150,GPRa,180
2697,150,GPRa,308
2698,150,GPRa,279
2699,150,GPRa,156
2700,150,GPRa,657
2701,150,GPRa,622
2702,150,GPRa,644
2703,150,GPRa,553
2704,150,GPRa,371
2705,150,GPRa,836
2706,150,GPRa,742
2707,150,GPRa,561
2708,150,GPRa,614
2709,150,GPRa,827
2710,150,GPRa,727
2711,150,GPRa,177
2712,150,GPRa,708
2713,150,GPRa,671
2714,150,GPRa,42
2715,150,GPRa,638
2716,150,GPRa,767
2717,150,GPRa,756
2718,150,GPRa,609
2719,150,GPRa,850
2720,150,GPRa,246
2721,150,GPRa,624
2722,150,GPRa,449
2723,150,GPRa,391
2724,150,GPRa,795
2725,150,GPRa,314
2726,150,GPRa,655
2727,150,GPRa,574
2728,150,GPRa,613
2729,150,GPRa,587
2730,150,GPRa,678
2731,150,GPRa,196
2732,150,GPRa,499
2733,150,GPRa,473
2734,150,GPRa,563
2735,150,GPRa,7
2736,150,GPRa,85
2737,150,GPRa,424
2738,150,GPRa,407
2739,150,GPRa,268
2740,150,GPRa,390
2741,150,GPRa,461
2742,150,GPRa,382
2743,150,GPRa,517
2744,150,GPRa,436
2745,150,GPRa,424
2746,150,GPRa,801
2747,150,GPRa,410
2748,150,GPRa,479
2749,150,GPRa,186
2750,150,GPRa,259
2751,150,GPRa,241
2752,150,GPRa,461
2753,150,GPRa,753
2754,150,GPRa,636
2755,150,GPRa,406
2756,150,GPRa,422
2757,150,GPRa,371
2758,150,GPRa,471
2759,150,GPRa,672
2760,150,GPRa,221
2761,150,GPRa,480
2762,150,GPRa,468
2763,150,GPRa,555
2764,60,GPRa,277
2765,60,GPRa,202
2766,60,GPRa,4
2767,60,GPRa,120
2768,60,GPRa,3151
2769,60,GPRa,372
2770,60,GPRa,397
2771,60,GPRa,906
2772,60,GPRa,850
2773,60,GPRa,631
2774,60,GPRa,331
2775,60,GPRa,493
2776,60,GPRa,1152
2777,60,GPRa,556
2778,60,GPRa,697
2779,60,GPRa,176
2780,60,GPRa,1117
2781,60,GPRa,35
2782,60,GPRa,11
2783,60,GPRa,25
2784,60,GPRa,6
2785,60,GPRa,41
2786,60,GPRa,158
2787,60,GPRa,39
2788,60,GPRa,394
2789,60,GPRa,11
2790,60,GPRa,NaN
2791,60,GPRa,NaN
2792,60,GPRa,156
2793,60,GPRa,91
2794,60,GPRa,126
2795,60,GPRa,200
2796,60,GPRa,1
2797,60,GPRa,213
2798,60,GPRa,223
2799,60,GPRa,NaN
2800,60,GPRa,151
2801,60,GPRa,292
2802,195,GPRa,398
2803,195,GPRa,442
2804,195,GPRa,724
2805,195,GPRa,407
2806,195,GPRa,168
2807,195,GPRa,172
2808,195,GPRa,168
2809,195,GPRa,145
2810,195,GPRa,373
2811,195,GPRa,NaN
2812,195,GPRa,1408
2813,195,GPRa,67
2814,195,GPRa,67
2815,195,GPRa,NaN
2816,195,GPRa,81
2817,195,GPRa,99
2818,195,GPRa,48
2819,195,GPRa,1985
2820,195,GPRa,179
2821,195,GPRa,NaN
2822,195,GPRa,1492
2823,195,GPRa,1751
2824,195,GPRa,1195
2825,195,GPRa,24
2826,195,GPRa,84
2827,195,GPRa,NaN
2828,195,GPRa,44
2829,195,GPRa,NaN
2830,195,GPRa,NaN
2831,195,GPRa,54
2832,195,GPRa,NaN
2833,195,GPRa,940
2834,195,GPRa,1059
2835,195,GPRa,836
2836,195,GPRa,NaN
2837,195,GPRa,611
2838,195,GPRa,NaN
2839,195,GPRa,NaN
2840,195,GPRa,294
2841,195,GPRa,NaN
2842,195,GPRa,288
2843,195,GPRa,NaN
2844,195,GPRa,NaN
2845,195,GPRa,79
2846,195,GPRa,NaN
2847,195,GPRa,NaN
2848,195,GPRa,NaN
2849,195,GPRa,NaN
2850,195,GPRa,365
2851,195,GPRa,NaN
2852,195,GPRa,30
2853,195,GPRa,108
2854,195,GPRa,68
2855,195,GPRa,NaN
2856,195,GPRa,58
2857,195,GPRa,NaN
2858,195,GPRa,NaN
2859,195,GPRa,NaN
2860,195,GPRa,NaN
2861,195,GPRa,NaN
2862,195,GPRa,NaN
2863,195,GPRa,NaN
2864,195,GPRa,NaN
2865,195,GPRa,18
2866,195,GPRa,NaN
2867,195,GPRa,27
2868,195,GPRa,NaN
2869,195,GPRa,64
2870,195,GPRa,NaN
2871,195,GPRa,NaN
2872,195,GPRa,NaN
2873,195,GPRa,55
2874,195,GPRa,NaN
2875,195,GPRa,NaN
2876,195,GPRa,NaN
2877,195,GPRa,102
2878,195,GPRa,NaN
2879,195,GPRa,NaN
2880,195,GPRa,45
2881,195,GPRa,NaN
2882,195,GPRa,95
2883,195,GPRa,NaN
2884,195,GPRa,53
2885,195,GPRa,91
2886,195,GPRa,NaN
2887,195,GPRa,79
2888,195,GPRa,NaN
2889,195,GPRa,NaN
2890,195,GPRa,50
2891,195,GPRa,39
2892,195,GPRa,55
2893,195,GPRa,167
2894,195,GPRa,51
2895,195,GPRa,1359
2896,195,GPRa,1303
2897,195,GPRa,1666
2898,195,GPRa,87
2899,195,GPRa,NaN
2900,195,GPRa,NaN
2901,195,GPRa,NaN
2902,195,GPRa,NaN
2903,195,GPRa,NaN
2904,195,GPRa,263
2905,195,GPRa,216
2906,195,GPRa,NaN
2907,195,GPRa,73
2908,195,GPRa,229
2909,195,GPRa,292
2910,195,GPRa,599
2911,195,GPRa,NaN
2912,195,GPRa,NaN
2913,195,GPRa,NaN
2914,195,GPRa,NaN
2915,195,GPRa,NaN
2916,195,GPRa,NaN
2917,195,GPRa,NaN
2918,195,GPRa,NaN
2919,195,GPRa,NaN
2920,195,GPRa,NaN
2921,195,GPRa,NaN
2922,195,GPRa,NaN
2923,195,GPRa,NaN
2924,195,GPRa,NaN
2925,195,GPRa,NaN
2926,195,GPRa,NaN
2927,195,GPRa,NaN
2928,195,GPRa,NaN
2929,195,GPRa,NaN
2930,195,GPRa,NaN
2931,195,GPRa,NaN
2932,195,GPRa,NaN
2933,195,GPRa,NaN
2934,195,GPRa,NaN
2935,195,GPRa,NaN
2936,195,GPRa,NaN
2937,195,GPRa,NaN
2938,195,GPRa,NaN
2939,195,GPRa,180
2940,195,GPRa,107
2941,195,GPRa,62
2942,195,GPRa,NaN
2943,195,GPRa,NaN
2944,195,GPRa,NaN
2945,195,GPRa,NaN
2946,195,GPRa,459
2947,195,GPRa,NaN
2948,195,GPRa,NaN
2949,195,GPRa,NaN
2950,195,GPRa,2076
2951,195,GPRa,NaN
2952,195,GPRa,NaN
2953,195,GPRa,NaN
2954,195,GPRa,15
2955,195,GPRa,NaN
2956,195,GPRa,NaN
2957,195,GPRa,NaN
2958,195,GPRa,NaN
2959,195,GPRa,NaN
2960,195,GPRa,NaN
2961,195,GPRa,NaN
2962,195,GPRa,NaN
2963,195,GPRa,NaN
2964,195,GPRa,NaN
2965,195,GPRa,NaN
2966,195,GPRa,NaN
2967,195,GPRa,NaN
2968,195,GPRa,NaN
2969,195,GPRa,NaN
2970,195,GPRa,NaN
2971,195,GPRa,NaN
2972,195,GPRa,NaN
2973,195,GPRa,NaN
2974,195,GPRa,NaN
2975,195,GPRa,NaN
2976,195,GPRa,NaN
2977,195,GPRa,NaN
2978,195,GPRa,NaN
2979,195,GPRa,NaN
2980,195,GPRa,NaN
2981,195,GPRa,NaN
2982,195,GPRa,NaN
2983,195,GPRa,NaN
2984,195,GPRa,NaN
2985,195,GPRa,NaN
2986,195,GPRa,NaN
2987,195,GPRa,NaN
2988,195,GPRa,NaN
2989,195,GPRa,NaN
2990,195,GPRa,NaN
2991,195,GPRa,NaN
2992,195,GPRa,NaN
2993,195,GPRa,NaN
2994,195,GPRa,NaN
2995,195,GPRa,NaN
2996,195,GPRa,NaN
2997,195,GPRa,NaN
2998,195,GPRa,NaN
2999,195,GPRa,NaN
3000,195,GPRa,NaN
3001,195,GPRa,NaN
3002,195,GPRa,NaN
3003,195,GPRa,NaN
3004,195,GPRa,NaN
3005,195,GPRa,NaN
3006,195,GPRa,NaN
3007,195,GPRa,NaN
3008,195,GPRa,NaN
3009,195,GPRa,NaN
3010,195,GPRa,NaN
3011,195,GPRa,NaN
3012,195,GPRa,NaN
3013,195,GPRa,NaN
3014,195,GPRa,NaN
3015,195,GPRa,NaN
3016,195,GPRa,NaN
3017,195,GPRa,NaN
3018,195,GPRa,NaN
3019,195,GPRa,NaN
3020,195,GPRa,NaN
3021,195,GPRa,1237
3022,195,GPRa,NaN
3023,195,GPRa,NaN
3024,195,GPRa,NaN
3025,195,GPRa,NaN
3026,195,GPRa,NaN
3027,195,GPRa,NaN
3028,195,GPRa,129
3029,195,GPRa,150
3030,195,GPRa,1203
3031,195,GPRa,NaN
3032,195,GPRa,NaN
3033,195,GPRa,191
3034,195,GPRa,NaN
3035,195,GPRa,93
3036,195,GPRa,113
3037,195,GPRa,1831
3038,195,GPRa,NaN
3039,195,GPRa,141
3040,195,GPRa,NaN
3041,195,GPRa,1443
3042,195,GPRa,1376
3043,195,GPRa,NaN
3044,195,GPRa,1249
3045,195,GPRa,NaN
3046,195,GPRa,NaN
3047,195,GPRa,102
3048,195,GPRa,190
3049,195,GPRa,335
3050,195,GPRa,75
3051,195,GPRa,893
3052,195,GPRa,374
3053,195,GPRa,NaN
3054,195,GPRa,NaN
3055,195,GPRa,NaN
3056,195,GPRa,607
3057,195,GPRa,NaN
3058,195,GPRa,NaN
3059,195,GPRa,NaN
3060,195,GPRa,NaN
3061,195,GPRa,90
3062,195,GPRa,48
3063,195,GPRa,NaN
3064,195,GPRa,NaN
3065,195,GPRa,NaN
3066,195,GPRa,80
3067,195,GPRa,NaN
3068,195,GPRa,NaN
3069,195,GPRa,NaN
3070,195,GPRa,NaN
3071,195,GPRa,113
3072,195,GPRa,130
3073,195,GPRa,57
3074,195,GPRa,NaN
3075,195,GPRa,101
3076,195,GPRa,NaN
3077,195,GPRa,NaN
3078,195,GPRa,NaN
3079,195,GPRa,NaN
3080,195,GPRa,NaN
3081,195,GPRa,NaN
3082,195,GPRa,NaN
3083,195,GPRa,NaN
3084,195,GPRa,NaN
3085,195,GPRa,NaN
3086,195,GPRa,NaN
3087,195,GPRa,NaN
3088,195,GPRa,1289
3089,195,GPRa,NaN
3090,195,GPRa,NaN
3091,195,GPRa,NaN
3092,195,GPRa,NaN
3093,195,GPRa,NaN
3094,195,GPRa,496
3095,195,GPRa,NaN
3096,195,GPRa,179
3097,195,GPRa,NaN
3098,195,GPRa,NaN
3099,195,GPRa,NaN
3100,195,GPRa,NaN
3101,195,GPRa,NaN
3102,195,GPRa,NaN
3103,195,GPRa,NaN
3104,195,GPRa,NaN
3105,195,GPRa,328
3106,195,GPRa,NaN
3107,195,GPRa,NaN
3108,195,GPRa,NaN
3109,195,GPRa,NaN
3110,195,GPRa,NaN
3111,195,GPRa,155
3112,195,GPRa,NaN
3113,195,GPRa,1273
3114,195,GPRa,460
3115,195,GPRa,NaN
3116,195,GPRa,424
3117,195,GPRa,253
3118,195,GPRa,122
3119,195,GPRa,54
3120,195,GPRa,NaN
3121,195,GPRa,NaN
3122,195,GPRa,NaN
3123,195,GPRa,268
3124,195,GPRa,NaN
3125,195,GPRa,NaN
3126,195,GPRa,NaN
3127,195,GPRa,NaN
3128,195,GPRa,NaN
3129,195,GPRa,NaN
3130,195,GPRa,NaN
3131,195,GPRa,60
3132,195,GPRa,177
3133,195,GPRa,107
3134,195,GPRa,180
3135,195,GPRa,156
3136,195,GPRa,NaN
3137,195,GPRa,59
3138,195,GPRa,129
3139,195,GPRa,102
3140,195,GPRa,NaN
3141,195,GPRa,114
3142,195,GPRa,24
3143,195,GPRa,69
3144,195,GPRa,NaN
3145,195,GPRa,NaN
3146,195,GPRa,38
3147,195,GPRa,NaN
3148,195,GPRa,NaN
3149,195,GPRa,NaN
3150,195,GPRa,292
3151,195,GPRa,173
3152,195,GPRa,95
3153,195,GPRa,295
3154,195,GPRa,NaN
3155,195,GPRa,148
3156,195,GPRa,174
3157,195,GPRa,NaN
3158,195,GPRa,55
3159,195,GPRa,54
3160,195,GPRa,80
3161,195,GPRa,208
3162,195,GPRa,362
3163,195,GPRa,161
3164,195,GPRa,NaN
3165,195,GPRa,194
3166,195,GPRa,233
3167,195,GPRa,226
3168,195,GPRa,NaN
3169,195,GPRa,NaN
3170,195,GPRa,NaN
3171,195,GPRa,NaN
3172,195,GPRa,NaN
3173,195,GPRa,NaN
3174,195,GPRa,NaN
3175,195,GPRa,NaN
3176,195,GPRa,NaN
3177,195,GPRa,112
3178,195,GPRa,NaN
3179,195,GPRa,NaN
3180,195,GPRa,NaN
3181,195,GPRa,NaN
3182,195,GPRa,NaN
3183,195,GPRa,NaN
3184,195,GPRa,NaN
3185,195,GPRa,NaN
3186,195,GPRa,NaN
3187,195,GPRa,NaN
3188,195,GPRa,NaN
3189,195,GPRa,NaN
3190,195,GPRa,95
3191,195,GPRa,NaN
3192,195,GPRa,NaN
3193,195,GPRa,253
3194,195,GPRa,211
3195,195,GPRa,165
3196,195,GPRa,214
3197,195,GPRa,162
3198,195,GPRa,102
3199,195,GPRa,45
3200,195,GPRa,128
3201,195,GPRa,81
3202,195,GPRa,48
3203,195,GPRa,239
3204,195,GPRa,230
3205,195,GPRa,NaN
3206,195,GPRa,8
3207,195,GPRa,151
3208,195,GPRa,153
3209,195,GPRa,124
3210,195,GPRa,NaN
3211,195,GPRa,341
3212,195,GPRa,172
3213,195,GPRa,106
3214,195,GPRa,95
3215,195,GPRa,NaN
3216,195,GPRa,NaN
3217,195,GPRa,190
3218,195,GPRa,NaN
3219,195,GPRa,170
3220,195,GPRa,NaN
3221,195,GPRa,NaN
3222,195,GPRa,NaN
3223,195,GPRa,142
3224,195,GPRa,NaN
3225,195,GPRa,NaN
3226,195,GPRa,NaN
3227,195,GPRa,NaN
3228,195,GPRa,NaN
3229,195,GPRa,165
3230,195,GPRa,NaN
3231,195,GPRa,NaN
3232,195,GPRa,NaN
3233,195,GPRa,NaN
3234,195,GPRa,NaN
3235,195,GPRa,NaN
3236,195,GPRa,NaN
3237,195,GPRa,NaN
3238,195,GPRa,145
3239,195,GPRa,NaN
3240,195,GPRa,45
3241,195,GPRa,55
3242,195,GPRa,342
3243,195,GPRa,340
3244,195,GPRa,126
3245,195,GPRa,307
3246,195,GPRa,NaN
3247,195,GPRa,NaN
3248,195,GPRa,NaN
3249,195,GPRa,NaN
3250,195,GPRa,NaN
3251,195,GPRa,NaN
3252,195,GPRa,NaN
3253,195,GPRa,NaN
3254,195,GPRa,NaN
3255,195,GPRa,NaN
3256,195,GPRa,NaN
3257,195,GPRa,NaN
3258,195,GPRa,329
3259,195,GPRa,NaN
3260,195,GPRa,NaN
3261,195,GPRa,NaN
3262,195,GPRa,NaN
3263,195,GPRa,NaN
3264,195,GPRa,NaN
3265,195,GPRa,NaN
3266,195,GPRa,NaN
3267,195,GPRa,NaN
3268,195,GPRa,NaN
3269,195,GPRa,NaN
3270,195,GPRa,NaN
3271,195,GPRa,NaN
3272,195,GPRa,536
3273,195,GPRa,202
3274,195,GPRa,386
3275,195,GPRa,210
3276,195,GPRa,327
3277,195,GPRa,NaN
3278,195,GPRa,217
3279,195,GPRa,NaN
3280,195,GPRa,NaN
3281,195,GPRa,NaN
3282,195,GPRa,468
3283,195,GPRa,NaN
3284,195,GPRa,NaN
3285,195,GPRa,NaN
3286,195,GPRa,NaN
3287,195,GPRa,NaN
3288,195,GPRa,NaN
3289,195,GPRa,NaN
3290,195,GPRa,NaN
3291,195,GPRa,NaN
3292,195,GPRa,NaN
3293,195,GPRa,NaN
3294,195,GPRa,NaN
3295,195,GPRa,NaN
3296,195,GPRa,NaN
3297,195,GPRa,NaN
3298,195,GPRa,NaN
3299,195,GPRa,NaN
3300,195,GPRa,NaN
3301,195,GPRa,NaN
3302,195,GPRa,NaN
3303,195,GPRa,NaN
3304,195,GPRa,NaN
3305,195,GPRa,NaN
3306,195,GPRa,NaN
3307,195,GPRa,NaN
3308,195,GPRa,NaN
3309,195,GPRa,NaN
3310,195,GPRa,NaN
3311,195,GPRa,NaN
3312,195,GPRa,NaN
3313,195,GPRa,NaN
3314,195,GPRa,NaN
3315,195,GPRa,NaN
3316,195,GPRa,NaN
3317,195,GPRa,NaN
3318,195,GPRa,NaN
3319,195,GPRa,NaN
3320,195,GPRa,NaN
3321,195,GPRa,NaN
3322,195,GPRa,NaN
3323,195,GPRa,NaN
3324,195,GPRa,NaN
3325,195,GPRa,NaN
3326,195,GPRa,NaN
3327,195,GPRa,NaN
3328,195,GPRa,NaN
3329,195,GPRa,NaN
3330,195,GPRa,NaN
3331,195,GPRa,NaN
3332,195,GPRa,NaN
3333,195,GPRa,NaN
3334,195,GPRa,NaN
3335,195,GPRa,NaN
3336,195,GPRa,NaN
3337,195,GPRa,NaN
3338,195,GPRa,NaN
3339,195,GPRa,NaN
3340,195,GPRa,NaN
3341,195,GPRa,NaN
3342,195,GPRa,NaN
3343,195,GPRa,NaN
3344,195,GPRa,NaN
3345,195,GPRa,NaN
3346,195,GPRa,59
3347,195,GPRa,NaN
3348,195,GPRa,55
3349,195,GPRa,NaN
3350,195,GPRa,NaN
3351,195,GPRa,NaN
3352,195,GPRa,NaN
3353,195,GPRa,70
3354,195,GPRa,128
3355,195,GPRa,NaN
3356,195,GPRa,NaN
3357,195,GPRa,NaN
3358,195,GPRa,204
3359,195,GPRa,NaN
3360,195,GPRa,628
3361,195,GPRa,183
3362,195,GPRa,NaN
3363,195,GPRa,NaN
3364,195,GPRa,648
3365,195,GPRa,NaN
3366,195,GPRa,NaN
3367,195,GPRa,NaN
3368,195,GPRa,338
3369,195,GPRa,NaN
3370,195,GPRa,360
3371,195,GPRa,410
3372,195,GPRa,272
3373,195,GPRa,702
3374,195,GPRa,NaN
3375,195,GPRa,372
3376,195,GPRa,172
3377,195,GPRa,166
3378,195,GPRa,NaN
3379,195,GPRa,383
3380,195,GPRa,462
3381,195,GPRa,532
3382,195,GPRa,298
3383,195,GPRa,400
3384,195,GPRa,656
3385,195,GPRa,NaN
3386,195,GPRa,NaN
3387,195,GPRa,NaN
3388,195,GPRa,NaN
3389,195,GPRa,NaN
3390,195,GPRa,NaN
3391,195,GPRa,NaN
3392,195,GPRa,128
3393,195,GPRa,956
3394,195,GPRa,231
3395,195,GPRa,192
3396,195,GPRa,116
3397,195,GPRa,115
3398,195,GPRa,205
3399,195,GPRa,748
3400,195,GPRa,649
3401,195,GPRa,876
3402,195,GPRa,NaN
3403,195,GPRa,167
3404,195,GPRa,275
3405,195,GPRa,45
3406,195,GPRa,270
3407,195,GPRa,285
3408,195,GPRa,322
3409,195,GPRa,347
3410,195,GPRa,343
3411,195,GPRa,402
3412,195,GPRa,131
3413,195,GPRa,1039
3414,195,GPRa,549
3415,195,GPRa,177
3416,195,GPRa,582
3417,195,GPRa,407
3418,195,GPRa,506
3419,195,GPRa,523
3420,195,GPRa,237
3421,195,GPRa,265
3422,195,GPRa,560
3423,195,GPRa,791
3424,195,GPRa,NaN
3425,195,GPRa,NaN
3426,195,GPRa,NaN
3427,195,GPRa,383
3428,195,GPRa,351
3429,195,GPRa,NaN
3430,195,GPRa,422
3431,195,GPRa,NaN
3432,195,GPRa,NaN
3433,195,GPRa,NaN
3434,195,GPRa,47
3435,195,GPRa,NaN
3436,195,GPRa,NaN
3437,195,GPRa,NaN
3438,195,GPRa,NaN
3439,195,GPRa,NaN
3440,195,GPRa,NaN
3441,195,GPRa,NaN
3442,195,GPRa,NaN
3443,195,GPRa,NaN
3444,195,GPRa,278
3445,195,GPRa,NaN
3446,195,GPRa,144
3447,195,GPRa,84
3448,195,GPRa,NaN
3449,195,GPRa,535
3450,195,GPRa,169
3451,195,GPRa,84
3452,195,GPRa,360
3453,195,GPRa,NaN
3454,195,GPRa,205
3455,195,GPRa,188
3456,195,GPRa,171
3457,195,GPRa,NaN
3458,195,GPRa,173
3459,195,GPRa,NaN
3460,195,GPRa,416
3461,195,GPRa,NaN
3462,195,GPRa,NaN
3463,195,GPRa,NaN
3464,195,GPRa,414
3465,195,GPRa,NaN
3466,195,GPRa,NaN
3467,195,GPRa,NaN
3468,195,GPRa,NaN
3469,195,GPRa,NaN
3470,195,GPRa,NaN
3471,195,GPRa,NaN
3472,195,GPRa,NaN
3473,195,GPRa,NaN
3474,195,GPRa,146
3475,195,GPRa,NaN
3476,195,GPRa,NaN
3477,195,GPRa,NaN
3478,195,GPRa,172
3479,195,GPRa,NaN
3480,195,GPRa,NaN
3481,195,GPRa,429
3482,195,GPRa,NaN
3483,195,GPRa,NaN
3484,195,GPRa,NaN
3485,195,GPRa,218
3486,195,GPRa,133
3487,195,GPRa,527
3488,195,GPRa,432
3489,195,GPRa,596
3490,195,GPRa,410
3491,195,GPRa,432
3492,195,GPRa,NaN
3493,195,GPRa,NaN
3494,195,GPRa,NaN
3495,195,GPRa,NaN
3496,195,GPRa,NaN
3497,195,GPRa,NaN
3498,195,GPRa,63
3499,195,GPRa,77
3500,195,GPRa,NaN
3501,195,GPRa,NaN
3502,195,GPRa,NaN
3503,195,GPRa,NaN
3504,195,GPRa,NaN
3505,195,GPRa,NaN
3506,195,GPRa,NaN
3507,195,GPRa,NaN
3508,195,GPRa,NaN
3509,195,GPRa,NaN
3510,195,GPRa,NaN
3511,195,GPRa,NaN
3512,195,GPRa,NaN
3513,195,GPRa,NaN
3514,195,GPRa,NaN
3515,195,GPRa,127
3516,195,GPRa,NaN
3517,195,GPRa,50
3518,195,GPRa,NaN
3519,195,GPRa,NaN
3520,195,GPRa,NaN
3521,195,GPRa,NaN
3522,195,GPRa,NaN
3523,195,GPRa,126
3524,195,GPRa,190
3525,195,GPRa,126
3526,195,GPRa,45
3527,195,GPRa,261
3528,195,GPRa,108
3529,195,GPRa,NaN
3530,195,GPRa,NaN
3531,195,GPRa,NaN
3532,195,GPRa,93
3533,195,GPRa,92
3534,195,GPRa,182
3535,195,GPRa,NaN
3536,195,GPRa,NaN
3537,195,GPRa,128
3538,195,GPRa,143
3539,195,GPRa,64
3540,195,GPRa,68
3541,195,GPRa,NaN
3542,195,GPRa,672
3543,195,GPRa,667
3544,195,GPRa,481
3545,195,GPRa,NaN
3546,195,GPRa,NaN
3547,195,GPRa,NaN
3548,195,GPRa,NaN
3549,195,GPRa,NaN
3550,195,GPRa,NaN
3551,195,GPRa,NaN
3552,195,GPRa,368
3553,195,GPRa,348
3554,195,GPRa,413
3555,195,GPRa,NaN
3556,195,GPRa,NaN
3557,195,GPRa,NaN
3558,195,GPRa,327
3559,195,GPRa,NaN
3560,195,GPRa,332
3561,195,GPRa,NaN
3562,195,GPRa,NaN
3563,195,GPRa,138
3564,195,GPRa,507
3565,195,GPRa,666
3566,195,GPRa,434
3567,195,GPRa,454
3568,195,GPRa,123
3569,195,GPRa,128
3570,195,GPRa,246
3571,195,GPRa,229
3572,195,GPRa,NaN
3573,195,GPRa,251
3574,195,GPRa,NaN
3575,195,GPRa,NaN
3576,195,GPRa,NaN
3577,195,GPRa,NaN
3578,195,GPRa,NaN
3579,195,GPRa,NaN
3580,195,GPRa,290
3581,195,GPRa,320
3582,195,GPRa,393
3583,195,GPRa,276
3584,195,GPRa,572
3585,195,GPRa,124
3586,195,GPRa,NaN
3587,195,GPRa,NaN
3588,195,GPRa,NaN
3589,195,GPRa,NaN
3590,195,GPRa,NaN
3591,195,GPRa,342
3592,195,GPRa,NaN
3593,195,GPRa,381
3594,195,GPRa,NaN
3595,195,GPRa,3
3596,195,GPRa,76
3597,195,GPRa,159
3598,195,GPRa,308
3599,195,GPRa,200
3600,195,GPRa,246
3601,195,GPRa,227
3602,195,GPRa,NaN
3603,195,GPRa,182
3604,195,GPRa,69
3605,195,GPRa,193
3606,195,GPRa,NaN
3607,195,GPRa,205
3608,195,GPRa,155
3609,195,GPRa,NaN
3610,195,GPRa,306
3611,195,GPRa,298
3612,195,GPRa,272
3613,195,GPRa,NaN
3614,195,GPRa,NaN
3615,195,GPRa,NaN
3616,195,GPRa,NaN
3617,195,GPRa,NaN
3618,195,GPRa,295
3619,195,GPRa,193
3620,195,GPRa,224
3621,195,GPRa,256
3622,195,GPRa,164
3623,195,GPRa,410
3624,195,GPRa,144
3625,195,GPRa,375
3626,195,GPRa,533
3627,195,GPRa,288
3628,195,GPRa,450
3629,195,GPRa,60
3630,195,GPRa,652
3631,195,GPRa,873
3632,195,GPRa,864
3633,195,GPRa,568
3634,195,GPRa,552
3635,195,GPRa,481
3636,195,GPRa,850
3637,195,GPRa,212
3638,195,GPRa,863
3639,195,GPRa,924
3640,195,GPRa,726
3641,195,GPRa,853
3642,195,GPRa,886
3643,195,GPRa,620
3644,195,GPRa,243
3645,195,GPRa,375
3646,195,GPRa,499
3647,195,GPRa,450
3648,195,GPRa,481
3649,195,GPRa,NaN
3650,195,GPRa,507
3651,195,GPRa,264
3652,195,GPRa,114
3653,195,GPRa,146
3654,195,GPRa,81
3655,195,GPRa,169
3656,195,GPRa,295
3657,195,GPRa,186
3658,195,GPRa,NaN
3659,195,GPRa,329
3660,195,GPRa,246
3661,195,GPRa,NaN
3662,195,GPRa,37
3663,195,GPRa,625
3664,195,GPRa,248
3665,195,GPRa,504
3666,195,GPRa,1034
3667,195,GPRa,440
3668,195,GPRa,455
3669,195,GPRa,290
3670,195,GPRa,82
3671,195,GPRa,451
3672,195,GPRa,259
3673,195,GPRa,322
3674,195,GPRa,516
3675,195,GPRa,485
3676,195,GPRa,151
3677,195,GPRa,70
3678,195,GPRa,150
3679,195,GPRa,243
3680,195,GPRa,105
3681,195,GPRa,195
3682,195,GPRa,236
3683,195,GPRa,122
3684,195,GPRa,NaN
3685,195,GPRa,92
3686,195,GPRa,314
3687,195,GPRa,395
3688,195,GPRa,233
3689,195,GPRa,NaN
3690,195,GPRa,209
3691,195,GPRa,95
3692,195,GPRa,133
3693,195,GPRa,316
3694,195,GPRa,NaN
3695,195,GPRa,NaN
3696,195,GPRa,NaN
3697,195,GPRa,124
3698,195,GPRa,NaN
3699,195,GPRa,NaN
3700,195,GPRa,294
3701,195,GPRa,NaN
3702,195,GPRa,NaN
3703,195,GPRa,NaN
3704,195,GPRa,NaN
3705,195,GPRa,NaN
3706,195,GPRa,NaN
3707,195,GPRa,NaN
3708,195,GPRa,NaN
3709,195,GPRa,NaN
3710,195,GPRa,NaN
3711,195,GPRa,NaN
3712,195,GPRa,NaN
3713,195,GPRa,317
3714,195,GPRa,199
3715,195,GPRa,228
3716,195,GPRa,NaN
3717,195,GPRa,294
3718,195,GPRa,143
3719,195,GPRa,559
3720,195,GPRa,716
3721,195,GPRa,816
3722,195,GPRa,913
3723,195,GPRa,674
3724,195,GPRa,204
3725,195,GPRa,690
3726,195,GPRa,587
3727,195,GPRa,335
3728,195,GPRa,151
3729,195,GPRa,87
3730,195,GPRa,337
3731,195,GPRa,922
3732,195,GPRa,950
3733,195,GPRa,812
3734,195,GPRa,410
3735,195,GPRa,1108
3736,195,GPRa,836
3737,195,GPRa,352
3738,195,GPRa,NaN
3739,195,GPRa,61
3740,195,GPRa,NaN
3741,195,GPRa,NaN
3742,195,GPRa,NaN
3743,195,GPRa,NaN
3744,195,GPRa,666
3745,195,GPRa,NaN
3746,195,GPRa,261
3747,195,GPRa,570
3748,195,GPRa,845
3749,195,GPRa,866
3750,195,GPRa,501
3751,195,GPRa,647
3752,195,GPRa,505
3753,195,GPRa,420
3754,195,GPRa,511
3755,195,GPRa,542
3756,195,GPRa,324
3757,195,GPRa,321
3758,195,GPRa,424
3759,195,GPRa,595
3760,195,GPRa,576
3761,195,GPRa,452
3762,195,GPRa,463
3763,195,GPRa,287
3764,195,GPRa,NaN
3765,195,GPRa,337
3766,195,GPRa,495
3767,195,GPRa,192
3768,195,GPRa,280
3769,195,GPRa,10
3770,195,GPRa,2268
3771,195,GPRa,3
3772,195,GPRa,NaN
3773,195,GPRa,NaN
3774,195,GPRa,NaN
3775,195,GPRa,NaN
3776,195,GPRa,NaN
3777,195,GPRa,NaN
3778,195,GPRa,NaN
3779,195,GPRa,NaN
3780,195,GPRa,NaN
3781,195,GPRa,NaN
3782,195,GPRa,NaN
3783,195,GPRa,NaN
3784,195,GPRa,NaN
3785,195,GPRa,NaN
3786,195,GPRa,214
3787,195,GPRa,319
3788,195,GPRa,NaN
3789,195,GPRa,NaN
3790,195,GPRa,650
3791,195,GPRa,NaN
3792,195,GPRa,655
3793,195,GPRa,1684
3794,195,GPRa,1301
3795,195,GPRa,NaN
3796,195,GPRa,906
3797,195,GPRa,1613
3798,195,GPRa,133
3799,195,GPRa,1379
3800,195,GPRa,NaN
3801,195,GPRa,282
3802,195,GPRa,NaN
3803,195,GPRa,55
3804,195,GPRa,92
3805,195,GPRa,NaN
3806,195,GPRa,1145
3807,195,GPRa,NaN
3808,195,GPRa,NaN
3809,195,GPRa,NaN
3810,195,GPRa,56
3811,195,GPRa,66
3812,195,GPRa,308
3813,195,GPRa,681
3814,195,GPRa,481
3815,195,GPRa,752
3816,195,GPRa,NaN
3817,195,GPRa,133
3818,195,GPRa,NaN
3819,195,GPRa,84
3820,195,GPRa,NaN
3821,195,GPRa,NaN
3822,195,GPRa,95
3823,195,GPRa,98
3824,195,GPRa,NaN
3825,195,GPRa,NaN
3826,195,GPRa,NaN
3827,195,GPRa,NaN
3828,195,GPRa,127
3829,195,GPRa,NaN
3830,195,GPRa,NaN
3831,195,GPRa,NaN
3832,195,GPRa,NaN
3833,195,GPRa,NaN
3834,195,GPRa,73
3835,195,GPRa,NaN
3836,195,GPRa,NaN
3837,195,GPRa,65
3838,195,GPRa,73
3839,195,GPRa,NaN
3840,195,GPRa,55
3841,195,GPRa,NaN
3842,195,GPRa,169
3843,195,GPRa,171
3844,195,GPRa,NaN
3845,195,GPRa,48
3846,195,GPRa,NaN
3847,195,GPRa,140
3848,195,GPRa,259
3849,195,GPRa,182
3850,195,GPRa,161
3851,195,GPRa,NaN
3852,195,GPRa,NaN
3853,195,GPRa,NaN
3854,195,GPRa,NaN
3855,195,GPRa,NaN
3856,195,GPRa,NaN
3857,195,GPRa,98
3858,195,GPRa,45
3859,195,GPRa,81
3860,195,GPRa,NaN
3861,195,GPRa,72
3862,195,GPRa,74
3863,195,GPRa,NaN
3864,195,GPRa,111
3865,195,GPRa,NaN
3866,195,GPRa,NaN
3867,195,GPRa,158
3868,195,GPRa,NaN
3869,195,GPRa,45
3870,195,GPRa,67
3871,195,GPRa,46
3872,195,GPRa,60
3873,195,GPRa,181
3874,195,GPRa,77
3875,195,GPRa,108
3876,195,GPRa,153
3877,195,GPRa,214
3878,195,GPRa,48
3879,195,GPRa,6
3880,195,GPRa,NaN
3881,195,GPRa,NaN
3882,195,GPRa,NaN
3883,195,GPRa,NaN
3884,195,GPRa,NaN
3885,195,GPRa,NaN
3886,195,GPRa,NaN
3887,195,GPRa,NaN
3888,195,GPRa,NaN
3889,195,GPRa,NaN
3890,195,GPRa,NaN
3891,195,GPRa,NaN
3892,195,GPRa,NaN
3893,195,GPRa,92
3894,195,GPRa,139
3895,195,GPRa,134
3896,195,GPRa,265
3897,195,GPRa,86
3898,195,GPRa,259
3899,195,GPRa,NaN
3900,195,GPRa,NaN
3901,195,GPRa,66
3902,195,GPRa,NaN
3903,195,GPRa,NaN
3904,195,GPRa,184
3905,195,GPRa,28
3906,195,GPRa,27
3907,195,GPRa,NaN
3908,195,GPRa,NaN
3909,195,GPRa,NaN
3910,195,GPRa,293
3911,195,GPRa,NaN
3912,195,GPRa,NaN
3913,195,GPRa,NaN
3914,195,GPRa,100
3915,195,GPRa,NaN
3916,195,GPRa,310
3917,195,GPRa,663
3918,195,GPRa,867
3919,195,GPRa,123
3920,195,GPRa,NaN
3921,195,GPRa,NaN
3922,195,GPRa,107
3923,195,GPRa,234
3924,195,GPRa,391
3925,195,GPRa,78
3926,195,GPRa,96
3927,195,GPRa,45
3928,195,GPRa,NaN
3929,195,GPRa,NaN
3930,195,GPRa,349
3931,195,GPRa,NaN
3932,195,GPRa,293
3933,195,GPRa,106
3934,195,GPRa,102
3935,195,GPRa,301
3936,195,GPRa,270
3937,195,GPRa,122
3938,195,GPRa,154
3939,195,GPRa,362
3940,195,GPRa,239
3941,195,GPRa,363
3942,195,GPRa,324
3943,195,GPRa,127
3944,195,GPRa,210
3945,195,GPRa,417
3946,195,GPRa,80
3947,195,GPRa,223
3948,195,GPRa,106
3949,195,GPRa,NaN
3950,195,GPRa,67
3951,195,GPRa,96
3952,195,GPRa,115
3953,195,GPRa,245
3954,195,GPRa,641
3955,195,GPRa,103
3956,195,GPRa,197
3957,195,GPRa,197
3958,195,GPRa,225
3959,195,GPRa,316
3960,195,GPRa,NaN
3961,195,GPRa,220
3962,195,GPRa,NaN
3963,195,GPRa,NaN
3964,195,GPRa,148
3965,195,GPRa,172
3966,195,GPRa,87
3967,195,GPRa,143
3968,195,GPRa,48
3969,195,GPRa,222
3970,195,GPRa,566
3971,195,GPRa,164
3972,195,GPRa,791
3973,195,GPRa,NaN
3974,195,GPRa,615
3975,195,GPRa,664
3976,195,GPRa,430
3977,195,GPRa,386
3978,195,GPRa,787
3979,195,GPRa,695
3980,195,GPRa,167
3981,195,GPRa,327
3982,195,GPRa,648
3983,195,GPRa,NaN
3984,195,GPRa,NaN
3985,195,GPRa,595
3986,195,GPRa,NaN
3987,195,GPRa,880
3988,195,GPRa,177
3989,195,GPRa,569
3990,195,GPRa,590
3991,195,GPRa,NaN
3992,195,GPRa,NaN
3993,195,GPRa,NaN
3994,195,GPRa,113
3995,195,GPRa,NaN
3996,195,GPRa,NaN
3997,195,GPRa,NaN
3998,195,GPRa,56
3999,195,GPRa,71
4000,195,GPRa,109
4001,195,GPRa,NaN
4002,195,GPRa,NaN
4003,195,GPRa,NaN
4004,195,GPRa,NaN
4005,195,GPRa,NaN
4006,195,GPRa,NaN
4007,195,GPRa,7
4008,195,GPRa,NaN
4009,195,GPRa,NaN
4010,195,GPRa,91
4011,195,GPRa,NaN
4012,195,GPRa,127
4013,195,GPRa,NaN
4014,195,GPRa,NaN
4015,195,GPRa,NaN
4016,195,GPRa,NaN
4017,195,GPRa,NaN
4018,195,GPRa,270
4019,195,GPRa,NaN
4020,195,GPRa,68
4021,195,GPRa,55
4022,195,GPRa,134
4023,195,GPRa,90
4024,195,GPRa,56
4025,195,GPRa,81
4026,195,GPRa,NaN
4027,195,GPRa,225
4028,195,GPRa,145
4029,195,GPRa,483
4030,195,GPRa,390
4031,195,GPRa,NaN
4032,195,GPRa,109
4033,195,GPRa,NaN
4034,195,GPRa,NaN
4035,195,GPRa,58
4036,195,GPRa,NaN
4037,195,GPRa,NaN
4038,195,GPRa,68
4039,195,GPRa,60
4040,195,GPRa,NaN
4041,195,GPRa,NaN
4042,195,GPRa,238
4043,195,GPRa,177
4044,195,GPRa,NaN
4045,195,GPRa,NaN
4046,195,GPRa,NaN
4047,195,GPRa,NaN
4048,195,GPRa,59
4049,195,GPRa,NaN
4050,195,GPRa,228
4051,195,GPRa,234
4052,195,GPRa,506
4053,195,GPRa,NaN
4054,195,GPRa,656
4055,195,GPRa,560
4056,195,GPRa,NaN
4057,195,GPRa,NaN
4058,195,GPRa,NaN
4059,195,GPRa,99
4060,195,GPRa,4
4061,195,GPRa,185
4062,195,GPRa,129
4063,195,GPRa,91
4064,195,GPRa,92
4065,195,GPRa,55
4066,195,GPRa,124
4067,195,GPRa,NaN
4068,195,GPRa,283
4069,195,GPRa,270
4070,195,GPRa,84
4071,195,GPRa,301
4072,195,GPRa,139
4073,195,GPRa,76
4074,195,GPRa,174
4075,195,GPRa,214
4076,195,GPRa,NaN
4077,195,GPRa,NaN
4078,195,GPRa,NaN
4079,195,GPRa,NaN
4080,195,GPRa,NaN
4081,195,GPRa,259
4082,195,GPRa,87
4083,195,GPRa,90
4084,195,GPRa,157
4085,195,GPRa,NaN
4086,195,GPRa,NaN
4087,195,GPRa,NaN
4088,195,GPRa,418
4089,195,GPRa,NaN
4090,195,GPRa,NaN
4091,195,GPRa,279
4092,195,GPRa,NaN
4093,195,GPRa,NaN
4094,195,GPRa,95
4095,195,GPRa,95
4096,195,GPRa,NaN
4097,195,GPRa,199
4098,195,GPRa,55
4099,195,GPRa,547
4100,195,GPRa,388
4101,195,GPRa,NaN
4102,195,GPRa,664
4103,195,GPRa,324
4104,195,GPRa,438
4105,195,GPRa,628
4106,195,GPRa,333
4107,195,GPRa,195
4108,195,GPRa,397
4109,195,GPRa,371
4110,195,GPRa,515
4111,195,GPRa,374
4112,195,GPRa,NaN
4113,195,GPRa,NaN
4114,195,GPRa,NaN
4115,195,GPRa,NaN
4116,195,GPRa,106
4117,195,GPRa,197
4118,195,GPRa,70
4119,195,GPRa,181
4120,195,GPRa,NaN
4121,195,GPRa,NaN
4122,195,GPRa,NaN
4123,195,GPRa,95
4124,195,GPRa,NaN
4125,195,GPRa,NaN
4126,195,GPRa,NaN
4127,195,GPRa,405
4128,195,GPRa,114
4129,195,GPRa,NaN
4130,195,GPRa,NaN
4131,195,GPRa,286
4132,195,GPRa,341
4133,195,GPRa,785
4134,195,GPRa,481
4135,195,GPRa,93
4136,195,GPRa,NaN
4137,195,GPRa,NaN
4138,195,GPRa,716
4139,195,GPRa,305
4140,195,GPRa,NaN
4141,195,GPRa,236
4142,195,GPRa,119
4143,195,GPRa,NaN
4144,195,GPRa,NaN
4145,195,GPRa,305
4146,195,GPRa,310
4147,195,GPRa,467
4148,195,GPRa,546
4149,195,GPRa,518
4150,195,GPRa,598
4151,195,GPRa,774
4152,195,GPRa,452
4153,195,GPRa,781
4154,195,GPRa,698
4155,195,GPRa,697
4156,195,GPRa,437
4157,195,GPRa,870
4158,195,GPRa,223
4159,195,GPRa,445
4160,195,GPRa,210
4161,195,GPRa,NaN
4162,195,GPRa,NaN
4163,195,GPRa,NaN
4164,195,GPRa,61
4165,195,GPRa,NaN
4166,195,GPRa,227
4167,195,GPRa,NaN
4168,195,GPRa,91
4169,195,GPRa,693
4170,195,GPRa,874
4171,195,GPRa,945
4172,195,GPRa,970
4173,195,GPRa,872
4174,195,GPRa,777
4175,195,GPRa,851
4176,195,GPRa,990
4177,195,GPRa,730
4178,195,GPRa,439
4179,195,GPRa,653
4180,195,GPRa,60
4181,195,GPRa,250
4182,195,GPRa,281
4183,195,GPRa,644
4184,195,GPRa,NaN
4185,195,GPRa,82
4186,195,GPRa,174
4187,195,GPRa,207
4188,195,GPRa,184
4189,195,GPRa,328
4190,195,GPRa,284
4191,195,GPRa,NaN
4192,195,GPRa,NaN
4193,195,GPRa,NaN
4194,195,GPRa,NaN
4195,195,GPRa,NaN
4196,195,GPRa,97
4197,195,GPRa,311
4198,195,GPRa,210
4199,195,GPRa,235
4200,195,GPRa,904
4201,195,GPRa,176
4202,195,GPRa,914
4203,195,GPRa,109
4204,195,GPRa,147
4205,195,GPRa,412
4206,195,GPRa,771
4207,195,GPRa,1
4208,195,GPRa,204
4209,195,GPRa,333
4210,195,GPRa,908
4211,195,GPRa,177
4212,195,GPRa,203
4213,195,GPRa,17
4214,195,GPRa,280
4215,195,GPRa,49
4216,195,GPRa,111
4217,195,GPRa,254
4218,195,GPRa,135
4219,195,GPRa,49
4220,195,GPRa,750
4221,195,GPRa,762
4222,195,GPRa,807
4223,195,GPRa,506
4224,195,GPRa,116
4225,195,GPRa,775
4226,195,GPRa,758
4227,195,GPRa,551
4228,195,GPRa,228
4229,195,GPRa,952
4230,195,GPRa,733
4231,195,GPRa,294
4232,195,GPRa,283
4233,195,GPRa,239
4234,195,GPRa,292
4235,195,GPRa,NaN
4236,195,GPRa,NaN
4237,195,GPRa,170
4238,195,GPRa,109
4239,195,GPRa,259
4240,195,GPRa,85
4241,195,GPRa,469
4242,195,GPRa,396
4243,195,GPRa,477
4244,195,GPRa,446
4245,195,GPRa,213
4246,195,GPRa,202
4247,195,GPRa,NaN
4248,195,GPRa,NaN
4249,195,GPRa,NaN
4250,195,GPRa,391
4251,195,GPRa,NaN
4252,195,GPRa,372
4253,195,GPRa,NaN
4254,195,GPRa,314
4255,195,GPRa,397
4256,195,GPRa,NaN
4257,195,GPRa,NaN
4258,195,GPRa,255
4259,195,GPRa,98
4260,195,GPRa,52
4261,195,GPRa,292
4262,195,GPRa,NaN
4263,195,GPRa,NaN
4264,195,GPRa,126
4265,195,GPRa,57
4266,195,GPRa,352
4267,195,GPRa,286
4268,195,GPRa,114
4269,195,GPRa,73
4270,195,GPRa,80
4271,195,GPRa,464
4272,195,GPRa,NaN
4273,195,GPRa,NaN
4274,195,GPRa,NaN
4275,195,GPRa,NaN
4276,195,GPRa,NaN
4277,195,GPRa,NaN
4278,195,GPRa,NaN
4279,195,GPRa,NaN
4280,195,GPRa,NaN
4281,195,GPRa,NaN
4282,195,GPRa,NaN
4283,195,GPRa,NaN
4284,195,GPRa,NaN
4285,195,GPRa,NaN
4286,195,GPRa,NaN
4287,195,GPRa,131
4288,195,GPRa,NaN
4289,195,GPRa,NaN
4290,195,GPRa,NaN
4291,195,GPRa,NaN
4292,195,GPRa,NaN
4293,195,GPRa,NaN
4294,195,GPRa,NaN
4295,195,GPRa,NaN
4296,195,GPRa,NaN
4297,195,GPRa,NaN
4298,195,GPRa,NaN
4299,195,GPRa,268
4300,195,GPRa,NaN
4301,195,GPRa,583
4302,195,GPRa,79
4303,195,GPRa,NaN
4304,195,GPRa,NaN
4305,195,GPRa,71
4306,195,GPRa,NaN
4307,195,GPRa,NaN
4308,195,GPRa,515
4309,195,GPRa,507
4310,195,GPRa,NaN
4311,195,GPRa,NaN
4312,195,GPRa,NaN
4313,195,GPRa,NaN
4314,195,GPRa,53
4315,195,GPRa,107
4316,195,GPRa,NaN
4317,195,GPRa,NaN
4318,195,GPRa,NaN
4319,195,GPRa,NaN
4320,195,GPRa,NaN
4321,195,GPRa,NaN
4322,195,GPRa,NaN
4323,195,GPRa,NaN
4324,195,GPRa,NaN
4325,195,GPRa,121
4326,195,GPRa,18
4327,195,GPRa,147
4328,195,GPRa,132
4329,195,GPRa,231
4330,195,GPRa,92
4331,195,GPRa,120
4332,195,GPRa,177
4333,195,GPRa,70
4334,195,GPRa,3
4335,195,GPRa,150
4336,195,GPRa,90
4337,195,GPRa,128
4338,195,GPRa,133
4339,195,GPRa,67
4340,195,GPRa,56
4341,195,GPRa,38
4342,195,GPRa,42
4343,195,GPRa,NaN
4344,195,GPRa,NaN
4345,195,GPRa,195
4346,195,GPRa,164
4347,195,GPRa,171
4348,195,GPRa,208
4349,195,GPRa,86
4350,195,GPRa,104
4351,195,GPRa,NaN
4352,195,GPRa,NaN
4353,195,GPRa,688
4354,195,GPRa,NaN
4355,195,GPRa,NaN
4356,195,GPRa,NaN
4357,195,GPRa,NaN
4358,195,GPRa,NaN
4359,195,GPRa,NaN
4360,195,GPRa,NaN
4361,195,GPRa,NaN
4362,195,GPRa,NaN
4363,195,GPRa,NaN
4364,195,GPRa,NaN
4365,195,GPRa,NaN
4366,195,GPRa,NaN
4367,195,GPRa,NaN
4368,195,GPRa,NaN
4369,195,GPRa,290
4370,195,GPRa,78
4371,195,GPRa,217
4372,195,GPRa,302
4373,195,GPRa,253
4374,195,GPRa,437
4375,195,GPRa,1039
4376,195,GPRa,NaN
4377,195,GPRa,NaN
4378,195,GPRa,NaN
4379,195,GPRa,69
4380,195,GPRa,NaN
4381,195,GPRa,NaN
4382,195,GPRa,NaN
4383,195,GPRa,NaN
4384,195,GPRa,NaN
4385,195,GPRa,NaN
4386,195,GPRa,14
4387,195,GPRa,NaN
4388,195,GPRa,NaN
4389,195,GPRa,NaN
4390,195,GPRa,1
4391,195,GPRa,1
4392,195,GPRa,NaN
4393,195,GPRa,NaN
4394,195,GPRa,81
4395,195,GPRa,NaN
4396,195,GPRa,NaN
4397,195,GPRa,151
4398,195,GPRa,227
4399,195,GPRa,NaN
4400,195,GPRa,276
4401,195,GPRa,NaN
4402,195,GPRa,NaN
4403,195,GPRa,NaN
4404,195,GPRa,75
4405,195,GPRa,104
4406,195,GPRa,NaN
4407,195,GPRa,NaN
4408,195,GPRa,536
4409,195,GPRa,211
4410,195,GPRa,397
4411,195,GPRa,355
4412,195,GPRa,513
4413,195,GPRa,84
4414,195,GPRa,425
4415,195,GPRa,NaN
4416,195,GPRa,612
4417,195,GPRa,NaN
4418,195,GPRa,452
4419,195,GPRa,103
4420,195,GPRa,NaN
4421,195,GPRa,160
4422,195,GPRa,NaN
4423,195,GPRa,NaN
4424,195,GPRa,24
4425,195,GPRa,83
4426,195,GPRa,NaN
4427,195,GPRa,770
4428,195,GPRa,105
4429,195,GPRa,118
4430,195,GPRa,88
4431,195,GPRa,NaN
4432,195,GPRa,NaN
4433,195,GPRa,1783
4434,195,GPRa,NaN
4435,195,GPRa,NaN
4436,195,GPRa,1039
4437,195,GPRa,4
4438,195,GPRa,1671
4439,195,GPRa,1801
4440,195,GPRa,89
4441,195,GPRa,135
4442,195,GPRa,105
4443,195,GPRa,1396
4444,195,GPRa,1088
4445,195,GPRa,791
4446,195,GPRa,NaN
4447,195,GPRa,NaN
4448,195,GPRa,NaN
4449,195,GPRa,99
4450,195,GPRa,NaN
4451,195,GPRa,120
4452,195,GPRa,112
4453,195,GPRa,NaN
4454,195,GPRa,NaN
4455,195,GPRa,113
4456,195,GPRa,NaN
4457,195,GPRa,NaN
4458,195,GPRa,618
4459,195,GPRa,530
4460,195,GPRa,597
4461,195,GPRa,NaN
4462,195,GPRa,NaN
4463,195,GPRa,NaN
4464,195,GPRa,407
4465,195,GPRa,NaN
4466,195,GPRa,NaN
4467,195,GPRa,NaN
4468,195,GPRa,359
4469,195,GPRa,97
4470,195,GPRa,NaN
4471,195,GPRa,NaN
4472,195,GPRa,NaN
4473,195,GPRa,204
4474,195,GPRa,NaN
4475,195,GPRa,NaN
4476,195,GPRa,47
4477,195,GPRa,52
4478,195,GPRa,NaN
4479,195,GPRa,181
4480,195,GPRa,NaN
4481,195,GPRa,140
4482,195,GPRa,142
4483,195,GPRa,210
4484,195,GPRa,NaN
4485,195,GPRa,NaN
4486,195,GPRa,NaN
4487,195,GPRa,NaN
4488,195,GPRa,NaN
4489,195,GPRa,NaN
4490,195,GPRa,NaN
4491,195,GPRa,NaN
4492,195,GPRa,NaN
4493,195,GPRa,NaN
4494,195,GPRa,170
4495,195,GPRa,93
4496,195,GPRa,121
4497,195,GPRa,NaN
4498,195,GPRa,104
4499,195,GPRa,73
4500,195,GPRa,80
4501,195,GPRa,NaN
4502,195,GPRa,NaN
4503,195,GPRa,NaN
4504,195,GPRa,NaN
4505,195,GPRa,NaN
4506,195,GPRa,NaN
4507,195,GPRa,NaN
4508,195,GPRa,NaN
4509,195,GPRa,142
4510,195,GPRa,149
4511,195,GPRa,NaN
4512,195,GPRa,NaN
4513,195,GPRa,212
4514,195,GPRa,NaN
4515,195,GPRa,NaN
4516,195,GPRa,NaN
4517,195,GPRa,NaN
4518,195,GPRa,NaN
4519,195,GPRa,135
4520,195,GPRa,NaN
4521,195,GPRa,133
4522,195,GPRa,NaN
4523,195,GPRa,NaN
4524,195,GPRa,NaN
4525,195,GPRa,NaN
4526,195,GPRa,NaN
4527,195,GPRa,NaN
4528,195,GPRa,19
4529,195,GPRa,84
4530,195,GPRa,NaN
4531,195,GPRa,NaN
4532,195,GPRa,NaN
4533,195,GPRa,111
4534,195,GPRa,93
4535,195,GPRa,141
4536,195,GPRa,134
4537,195,GPRa,276
4538,195,GPRa,72
4539,195,GPRa,279
4540,195,GPRa,109
4541,195,GPRa,101
4542,195,GPRa,124
4543,195,GPRa,106
4544,195,GPRa,NaN
4545,195,GPRa,NaN
4546,195,GPRa,185
4547,195,GPRa,41
4548,195,GPRa,42
4549,195,GPRa,NaN
4550,195,GPRa,297
4551,195,GPRa,NaN
4552,195,GPRa,NaN
4553,195,GPRa,NaN
4554,195,GPRa,107
4555,195,GPRa,NaN
4556,195,GPRa,316
4557,195,GPRa,891
4558,195,GPRa,NaN
4559,195,GPRa,867
4560,195,GPRa,130
4561,195,GPRa,80
4562,195,GPRa,90
4563,195,GPRa,85
4564,195,GPRa,89
4565,195,GPRa,220
4566,195,GPRa,397
4567,195,GPRa,82
4568,195,GPRa,NaN
4569,195,GPRa,85
4570,195,GPRa,26
4571,195,GPRa,51
4572,195,GPRa,51
4573,195,GPRa,354
4574,195,GPRa,NaN
4575,195,GPRa,301
4576,195,GPRa,95
4577,195,GPRa,111
4578,195,GPRa,209
4579,195,GPRa,273
4580,195,GPRa,91
4581,195,GPRa,121
4582,195,GPRa,287
4583,195,GPRa,276
4584,195,GPRa,367
4585,195,GPRa,329
4586,195,GPRa,115
4587,195,GPRa,158
4588,195,GPRa,425
4589,195,GPRa,223
4590,195,GPRa,123
4591,195,GPRa,NaN
4592,195,GPRa,88
4593,195,GPRa,NaN
4594,195,GPRa,44
4595,195,GPRa,104
4596,195,GPRa,216
4597,195,GPRa,628
4598,195,GPRa,106
4599,195,GPRa,200
4600,195,GPRa,198
4601,195,GPRa,298
4602,195,GPRa,NaN
4603,195,GPRa,127
4604,195,GPRa,NaN
4605,195,GPRa,NaN
4606,195,GPRa,292
4607,195,GPRa,174
4608,195,GPRa,87
4609,195,GPRa,149
4610,195,GPRa,NaN
4611,195,GPRa,237
4612,195,GPRa,571
4613,195,GPRa,174
4614,195,GPRa,789
4615,195,GPRa,NaN
4616,195,GPRa,628
4617,195,GPRa,671
4618,195,GPRa,431
4619,195,GPRa,391
4620,195,GPRa,788
4621,195,GPRa,703
4622,195,GPRa,327
4623,195,GPRa,653
4624,195,GPRa,NaN
4625,195,GPRa,NaN
4626,195,GPRa,602
4627,195,GPRa,NaN
4628,195,GPRa,880
4629,195,GPRa,227
4630,195,GPRa,629
4631,195,GPRa,585
4632,195,GPRa,288
4633,195,GPRa,296
4634,195,GPRa,281
4635,195,GPRa,NaN
4636,195,GPRa,NaN
4637,195,GPRa,384
4638,195,GPRa,NaN
4639,195,GPRa,317
4640,195,GPRa,NaN
4641,195,GPRa,15
4642,195,GPRa,43
4643,195,GPRa,NaN
4644,195,GPRa,5
4645,195,GPRa,NaN
4646,195,GPRa,NaN
4647,195,GPRa,NaN
4648,195,GPRa,245
4649,195,GPRa,129
4650,195,GPRa,50
4651,195,GPRa,102
4652,195,GPRa,NaN
4653,195,GPRa,NaN
4654,195,GPRa,431
4655,195,GPRa,634
4656,195,GPRa,642
4657,195,GPRa,111
4658,195,GPRa,464
4659,195,GPRa,441
4660,195,GPRa,505
4661,195,GPRa,550
4662,195,GPRa,90
4663,195,GPRa,20
4664,195,GPRa,940
4665,195,GPRa,502
4666,195,GPRa,451
4667,195,GPRa,444
4668,195,GPRa,640
4669,195,GPRa,646
4670,195,GPRa,495
4671,195,GPRa,460
4672,195,GPRa,518
4673,195,GPRa,511
4674,195,GPRa,118
4675,195,GPRa,164
4676,195,GPRa,NaN
4677,195,GPRa,NaN
4678,195,GPRa,283
4679,195,GPRa,249
4680,195,GPRa,512
4681,195,GPRa,282
4682,195,GPRa,334
4683,195,GPRa,121
4684,195,GPRa,138
4685,195,GPRa,247
4686,195,GPRa,NaN
4687,195,GPRa,85
4688,195,GPRa,272
4689,195,GPRa,73
4690,195,GPRa,NaN
4691,195,GPRa,294
4692,195,GPRa,406
4693,195,GPRa,652
4694,195,GPRa,380
4695,195,GPRa,NaN
4696,195,GPRa,699
4697,195,GPRa,535
4698,195,GPRa,99
4699,195,GPRa,61
4700,195,GPRa,106
4701,195,GPRa,71
4702,195,GPRa,133
4703,195,GPRa,116
4704,195,GPRa,96
4705,195,GPRa,210
4706,195,GPRa,232
4707,195,GPRa,824
4708,195,GPRa,221
4709,195,GPRa,733
4710,195,GPRa,339
4711,195,GPRa,117
4712,195,GPRa,388
4713,195,GPRa,248
4714,195,GPRa,450
4715,195,GPRa,1083
4716,195,GPRa,759
4717,195,GPRa,710
4718,195,GPRa,887
4719,195,GPRa,174
4720,195,GPRa,146
4721,195,GPRa,64
4722,195,GPRa,75
4723,195,GPRa,106
4724,195,GPRa,134
4725,195,GPRa,34
4726,195,GPRa,314
4727,195,GPRa,287
4728,195,GPRa,129
4729,195,GPRa,209
4730,195,GPRa,91
4731,195,GPRa,1036
4732,195,GPRa,81
4733,195,GPRa,489
4734,195,GPRa,470
4735,195,GPRa,259
4736,195,GPRa,127
4737,195,GPRa,786
4738,195,GPRa,253
4739,195,GPRa,108
4740,195,GPRa,481
4741,195,GPRa,149
4742,195,GPRa,321
4743,195,GPRa,222
4744,195,GPRa,184
4745,195,GPRa,67
4746,195,GPRa,262
4747,195,GPRa,305
4748,195,GPRa,171
4749,195,GPRa,NaN
4750,195,GPRa,NaN
4751,195,GPRa,NaN
4752,195,GPRa,62
4753,195,GPRa,825
4754,195,GPRa,348
4755,195,GPRa,992
4756,195,GPRa,NaN
4757,195,GPRa,114
4758,195,GPRa,NaN
4759,195,GPRa,NaN
4760,195,GPRa,NaN
4761,195,GPRa,NaN
4762,195,GPRa,NaN
4763,195,GPRa,NaN
4764,195,GPRa,NaN
4765,195,GPRa,NaN
4766,195,GPRa,NaN
4767,195,GPRa,NaN
4768,195,GPRa,NaN
4769,195,GPRa,NaN
4770,195,GPRa,NaN
4771,195,GPRa,113
4772,195,GPRa,NaN
4773,195,GPRa,NaN
4774,195,GPRa,NaN
4775,195,GPRa,383
4776,195,GPRa,NaN
4777,195,GPRa,NaN
4778,195,GPRa,540
4779,195,GPRa,569
4780,195,GPRa,654
4781,195,GPRa,470
4782,195,GPRa,470
4783,195,GPRa,530
4784,195,GPRa,NaN
4785,195,GPRa,296
4786,195,GPRa,NaN
4787,195,GPRa,617
4788,195,GPRa,581
4789,195,GPRa,104
4790,195,GPRa,287
4791,195,GPRa,113
4792,195,GPRa,NaN
4793,195,GPRa,163
4794,195,GPRa,NaN
4795,195,GPRa,NaN
4796,195,GPRa,173
4797,195,GPRa,NaN
4798,195,GPRa,NaN
4799,195,GPRa,NaN
4800,195,GPRa,NaN
4801,195,GPRa,NaN
4802,195,GPRa,NaN
4803,195,GPRa,NaN
4804,195,GPRa,142
4805,195,GPRa,315
4806,195,GPRa,NaN
4807,195,GPRa,NaN
4808,195,GPRa,NaN
4809,195,GPRa,108
4810,195,GPRa,158
4811,195,GPRa,82
4812,195,GPRa,86
4813,195,GPRa,NaN
4814,195,GPRa,345
4815,195,GPRa,184
4816,195,GPRa,NaN
4817,195,GPRa,62
4818,195,GPRa,262
4819,195,GPRa,238
4820,195,GPRa,149
4821,195,GPRa,71
4822,195,GPRa,153
4823,195,GPRa,152
4824,195,GPRa,238
4825,195,GPRa,195
4826,195,GPRa,136
4827,195,GPRa,NaN
4828,195,GPRa,NaN
4829,195,GPRa,NaN
4830,195,GPRa,NaN
4831,195,GPRa,NaN
4832,195,GPRa,38
4833,195,GPRa,86
4834,195,GPRa,36
4835,195,GPRa,81
4836,195,GPRa,240
4837,195,GPRa,42
4838,195,GPRa,NaN
4839,195,GPRa,78
4840,195,GPRa,NaN
4841,195,GPRa,NaN
4842,195,GPRa,NaN
4843,195,GPRa,295
4844,195,GPRa,334
4845,195,GPRa,307
4846,195,GPRa,170
4847,195,GPRa,20
4848,195,GPRa,NaN
4849,195,GPRa,170
4850,195,GPRa,NaN
4851,195,GPRa,154
4852,195,GPRa,374
4853,195,GPRa,305
4854,195,GPRa,93
4855,195,GPRa,408
4856,195,GPRa,413
4857,195,GPRa,537
4858,195,GPRa,NaN
4859,195,GPRa,NaN
4860,195,GPRa,362
4861,195,GPRa,336
4862,195,GPRa,286
4863,195,GPRa,10
4864,195,GPRa,6
4865,195,GPRa,441
4866,195,GPRa,1164
4867,195,GPRa,1538
4868,195,GPRa,429
4869,195,GPRa,579
4870,195,GPRa,1118
4871,195,GPRa,9
4872,195,GPRa,768
4873,195,GPRa,NaN
4874,195,GPRa,365
4875,195,GPRa,422
4876,195,GPRa,526
4877,195,GPRa,520
4878,195,GPRa,262
4879,195,GPRa,350
4880,195,GPRa,362
4881,195,GPRa,296
4882,195,GPRa,571
4883,195,GPRa,445
4884,195,GPRa,806
4885,195,GPRa,880
4886,195,GPRa,358
4887,195,GPRa,510
4888,195,GPRa,259
4889,195,GPRa,506
4890,195,GPRa,463
4891,195,GPRa,324
4892,195,GPRa,553
4893,195,GPRa,564
4894,195,GPRa,597
4895,195,GPRa,412
4896,195,GPRa,538
4897,195,GPRa,292
4898,195,GPRa,414
4899,195,GPRa,451
4900,195,GPRa,314
4901,195,GPRa,NaN
4902,195,GPRa,366
4903,195,GPRa,356
4904,195,GPRa,509
4905,195,GPRa,NaN
4906,195,GPRa,220
4907,195,GPRa,531
4908,195,GPRa,564
4909,195,GPRa,251
4910,195,GPRa,551
4911,195,GPRa,495
4912,195,GPRa,504
4913,195,GPRa,525
4914,195,GPRa,441
4915,195,GPRa,NaN
4916,195,GPRa,NaN
4917,195,GPRa,NaN
4918,195,GPRa,NaN
4919,195,GPRa,NaN
4920,195,GPRa,NaN
4921,195,GPRa,NaN
4922,195,GPRa,NaN
4923,195,GPRa,NaN
4924,195,GPRa,NaN
4925,195,GPRa,NaN
4926,195,GPRa,NaN
4927,195,GPRa,NaN
4928,195,GPRa,NaN
4929,195,GPRa,NaN
4930,195,GPRa,NaN
4931,195,GPRa,NaN
4932,195,GPRa,NaN
4933,195,GPRa,NaN
4934,195,GPRa,NaN
4935,195,GPRa,NaN
4936,195,GPRa,NaN
4937,195,GPRa,NaN
4938,195,GPRa,NaN
4939,195,GPRa,NaN
4940,195,GPRa,NaN
4941,195,GPRa,NaN
4942,195,GPRa,NaN
4943,195,GPRa,NaN
4944,195,GPRa,NaN
4945,195,GPRa,NaN
4946,195,GPRa,NaN
4947,195,GPRa,NaN
4948,195,GPRa,NaN
4949,195,GPRa,NaN
4950,195,GPRa,NaN
4951,195,GPRa,NaN
4952,195,GPRa,NaN
4953,195,GPRa,NaN
4954,195,GPRa,NaN
4955,195,GPRa,NaN
4956,195,GPRa,NaN
4957,195,GPRa,NaN
4958,195,GPRa,NaN
4959,195,GPRa,NaN
4960,195,GPRa,NaN
4961,195,GPRa,NaN
4962,195,GPRa,NaN
4963,195,GPRa,NaN
4964,195,GPRa,NaN
4965,195,GPRa,NaN
4966,195,GPRa,NaN
4967,195,GPRa,NaN
4968,195,GPRa,NaN
4969,195,GPRa,NaN
4970,195,GPRa,NaN
4971,195,GPRa,NaN
4972,195,GPRa,NaN
4973,195,GPRa,NaN
4974,195,GPRa,NaN
4975,195,GPRa,NaN
4976,195,GPRa,NaN
4977,195,GPRa,NaN
4978,195,GPRa,NaN
4979,195,GPRa,NaN
4980,195,GPRa,NaN
4981,195,GPRa,NaN
4982,195,GPRa,NaN
4983,195,GPRa,2046
4984,195,GPRa,713
4985,195,GPRa,663
4986,195,GPRa,211
4987,195,GPRa,981
4988,195,GPRa,903
4989,195,GPRa,99
4990,195,GPRa,148
4991,195,GPRa,860
4992,195,GPRa,476
4993,195,GPRa,631
4994,195,GPRa,468
4995,195,GPRa,598
4996,195,GPRa,648
4997,195,GPRa,913
4998,195,GPRa,215
4999,195,GPRa,345
5000,195,GPRa,617
5001,195,GPRa,503
5002,195,GPRa,NaN
5003,195,GPRa,NaN
5004,195,GPRa,NaN
5005,195,GPRa,52
5006,195,GPRa,NaN
5007,195,GPRa,10
5008,195,GPRa,107
5009,195,GPRa,6
5010,195,GPRa,210
5011,195,GPRa,317
5012,195,GPRa,96
5013,195,GPRa,103
5014,195,GPRa,99
5015,195,GPRa,105
5016,195,GPRa,147
5017,195,GPRa,172
5018,195,GPRa,63
5019,195,GPRa,59
5020,195,GPRa,96
5021,195,GPRa,142
5022,195,GPRa,131
5023,195,GPRa,275
5024,195,GPRa,86
5025,195,GPRa,273
5026,195,GPRa,66
5027,195,GPRa,295
5028,195,GPRa,98
5029,195,GPRa,314
5030,195,GPRa,609
5031,195,GPRa,617
5032,195,GPRa,87
5033,195,GPRa,88
5034,195,GPRa,80
5035,195,GPRa,210
5036,195,GPRa,371
5037,195,GPRa,84
5038,195,GPRa,89
5039,195,GPRa,291
5040,195,GPRa,95
5041,195,GPRa,90
5042,195,GPRa,271
5043,195,GPRa,366
5044,195,GPRa,338
5045,195,GPRa,367
5046,195,GPRa,320
5047,195,GPRa,2
5048,195,GPRa,418
5049,195,GPRa,228
5050,195,GPRa,100
5051,195,GPRa,88
5052,195,GPRa,213
5053,195,GPRa,606
5054,195,GPRa,195
5055,195,GPRa,195
5056,195,GPRa,88
5057,195,GPRa,64
5058,195,GPRa,131
5059,195,GPRa,22
5060,195,GPRa,198
5061,195,GPRa,369
5062,195,GPRa,450
5063,195,GPRa,336
5064,195,GPRa,399
5065,195,GPRa,376
5066,195,GPRa,687
5067,195,GPRa,494
5068,195,GPRa,131
5069,195,GPRa,326
5070,195,GPRa,647
5071,195,GPRa,571
5072,195,GPRa,611
5073,195,GPRa,346
5074,195,GPRa,570
5075,195,GPRa,NaN
5076,195,GPRa,NaN
5077,195,GPRa,NaN
5078,195,GPRa,NaN
5079,195,GPRa,1492
5080,195,GPRa,1309
5081,195,GPRa,1724
5082,195,GPRa,979
5083,195,GPRa,449
5084,195,GPRa,571
5085,195,GPRa,843
5086,195,GPRa,307
5087,195,GPRa,96
5088,195,GPRa,221
5089,195,GPRa,372
5090,195,GPRa,452
5091,195,GPRa,525
5092,195,GPRa,596
5093,195,GPRa,363
5094,195,GPRa,499
5095,195,GPRa,338
5096,195,GPRa,NaN
5097,195,GPRa,NaN
5098,195,GPRa,NaN
5099,195,GPRa,NaN
5100,195,GPRa,84
5101,195,GPRa,63
5102,195,GPRa,128
5103,195,GPRa,71
5104,195,GPRa,NaN
5105,195,GPRa,90
5106,195,GPRa,NaN
5107,195,GPRa,NaN
5108,195,GPRa,NaN
5109,195,GPRa,11
5110,195,GPRa,NaN
5111,195,GPRa,56
5112,195,GPRa,NaN
5113,195,GPRa,426
5114,195,GPRa,673
5115,195,GPRa,669
5116,195,GPRa,448
5117,195,GPRa,435
5118,195,GPRa,534
5119,195,GPRa,409
5120,195,GPRa,NaN
5121,195,GPRa,2
5122,195,GPRa,80
5123,195,GPRa,NaN
5124,195,GPRa,498
5125,195,GPRa,564
5126,195,GPRa,616
5127,195,GPRa,461
5128,195,GPRa,440
5129,195,GPRa,547
5130,195,GPRa,575
5131,195,GPRa,86
5132,195,GPRa,48
5133,195,GPRa,115
5134,195,GPRa,1977
5135,195,GPRa,493
5136,195,GPRa,89
5137,195,GPRa,226
5138,195,GPRa,207
5139,195,GPRa,716
5140,195,GPRa,NaN
5141,195,GPRa,NaN
5142,195,GPRa,126
5143,195,GPRa,NaN
5144,195,GPRa,NaN
5145,195,GPRa,669
5146,195,GPRa,634
5147,195,GPRa,656
5148,195,GPRa,840
5149,195,GPRa,347
5150,195,GPRa,754
5151,195,GPRa,471
5152,195,GPRa,551
5153,195,GPRa,248
5154,195,GPRa,5
5155,195,GPRa,564
5156,195,GPRa,622
5157,195,GPRa,759
5158,195,GPRa,556
5159,195,GPRa,573
5160,195,GPRa,286
5161,195,GPRa,552
5162,195,GPRa,378
5163,195,GPRa,758
5164,195,GPRa,647
5165,195,GPRa,NaN
5166,195,GPRa,64
5167,195,GPRa,NaN
5168,195,GPRa,128
5169,195,GPRa,250
5170,195,GPRa,499
5171,195,GPRa,265
5172,195,GPRa,42
5173,195,GPRa,8
5174,195,GPRa,434
5175,195,GPRa,432
5176,195,GPRa,56
5177,195,GPRa,200
5178,195,GPRa,208
5179,195,GPRa,122
5180,195,GPRa,98
5181,195,GPRa,278
5182,195,GPRa,248
5183,195,GPRa,101
5184,195,GPRa,209
5185,195,GPRa,145
5186,195,GPRa,148
5187,195,GPRa,107
5188,195,GPRa,NaN
5189,195,GPRa,NaN
5190,195,GPRa,NaN
5191,195,GPRa,33
5192,195,GPRa,NaN
5193,195,GPRa,NaN
5194,195,GPRa,2104
5195,195,GPRa,NaN
5196,195,GPRa,NaN
5197,195,GPRa,NaN
5198,195,GPRa,1
5199,195,GPRa,NaN
5200,195,GPRa,1
5201,195,GPRa,4
5202,195,GPRa,NaN
5203,195,GPRa,NaN
5204,195,GPRa,109
5205,195,GPRa,123
5206,195,GPRa,123
5207,195,GPRa,1090
5208,195,GPRa,629
5209,195,GPRa,302
5210,195,GPRa,585
5211,195,GPRa,574
5212,195,GPRa,956
5213,195,GPRa,223
5214,195,GPRa,790
5215,195,GPRa,810
5216,195,GPRa,552
5217,195,GPRa,551
5218,195,GPRa,299
5219,195,GPRa,390
5220,195,GPRa,882
5221,195,GPRa,1069
5222,195,GPRa,463
5223,195,GPRa,333
5224,195,GPRa,589
5225,195,GPRa,536
5226,195,GPRa,351
5227,195,GPRa,312
5228,195,GPRa,278
5229,195,GPRa,NaN
5230,195,GPRa,344
5231,195,GPRa,577
5232,195,GPRa,1140
5233,195,GPRa,844
5234,195,GPRa,427
5235,195,GPRa,455
5236,195,GPRa,411
5237,195,GPRa,418
5238,195,GPRa,350
5239,195,GPRa,423
5240,195,GPRa,450
5241,195,GPRa,470
5242,195,GPRa,390
5243,195,GPRa,328
5244,195,GPRa,288
5245,195,GPRa,491
5246,195,GPRa,571
5247,195,GPRa,576
5248,195,GPRa,697
5249,195,GPRa,NaN
5250,195,GPRa,336
5251,195,GPRa,1063
5252,195,GPRa,359
5253,195,GPRa,582
5254,195,GPRa,374
5255,195,GPRa,518
5256,195,GPRa,317
5257,195,GPRa,NaN
5258,195,GPRa,463
5259,195,GPRa,420
5260,195,GPRa,313
5261,195,GPRa,408
5262,195,GPRa,297
5263,195,GPRa,571
5264,195,GPRa,394
5265,195,GPRa,436
5266,195,GPRa,222
5267,195,GPRa,915
5268,195,GPRa,865
5269,195,GPRa,337
5270,195,GPRa,270
5271,195,GPRa,655
5272,195,GPRa,423
5273,195,GPRa,304
5274,195,GPRa,340
5275,195,GPRa,637
5276,195,GPRa,525
5277,195,GPRa,694
5278,195,GPRa,1092
5279,195,GPRa,395
5280,195,GPRa,667
5281,195,GPRa,484
5282,195,GPRa,617
5283,195,GPRa,418
5284,195,GPRa,528
5285,195,GPRa,479
5286,195,GPRa,285
5287,195,GPRa,398
5288,195,GPRa,606
5289,195,GPRa,601
5290,195,GPRa,560
5291,195,GPRa,440
5292,195,GPRa,573
5293,195,GPRa,1112
5294,195,GPRa,835
5295,195,GPRa,292
5296,195,GPRa,555
5297,195,GPRa,1035
5298,195,GPRa,834
5299,195,GPRa,425
5300,195,GPRa,615
5301,195,GPRa,382
5302,195,GPRa,608
5303,195,GPRa,556
5304,195,GPRa,352
5305,195,GPRa,313
5306,195,GPRa,NaN
5307,195,GPRa,NaN
5308,195,GPRa,NaN
5309,195,GPRa,NaN
5310,195,GPRa,NaN
5311,195,GPRa,79
5312,195,GPRa,54
5313,195,GPRa,NaN
5314,195,GPRa,529
5315,195,GPRa,664
5316,195,GPRa,551
5317,195,GPRa,442
5318,195,GPRa,358
5319,195,GPRa,526
5320,195,GPRa,502
5321,195,GPRa,NaN
5322,195,GPRa,NaN
5323,195,GPRa,176
5324,195,GPRa,248
5325,195,GPRa,245
5326,195,GPRa,414
5327,195,GPRa,135
5328,195,GPRa,418
5329,195,GPRa,561
5330,195,GPRa,471
5331,195,GPRa,58
5332,195,GPRa,676
5333,195,GPRa,870
5334,195,GPRa,867
5335,195,GPRa,641
5336,195,GPRa,546
5337,195,GPRa,495
5338,195,GPRa,850
5339,195,GPRa,169
5340,195,GPRa,NaN
5341,195,GPRa,875
5342,195,GPRa,943
5343,195,GPRa,724
5344,195,GPRa,858
5345,195,GPRa,890
5346,195,GPRa,647
5347,195,GPRa,331
5348,195,GPRa,338
5349,195,GPRa,498
5350,195,GPRa,443
5351,195,GPRa,491
5352,195,GPRa,281
5353,195,GPRa,922
5354,195,GPRa,849
5355,195,GPRa,797
5356,195,GPRa,791
5357,195,GPRa,1031
5358,195,GPRa,743
5359,195,GPRa,923
5360,195,GPRa,447
5361,195,GPRa,441
5362,195,GPRa,105
5363,195,GPRa,NaN
5364,195,GPRa,635
5365,195,GPRa,149
5366,195,GPRa,71
5367,195,GPRa,145
5368,195,GPRa,257
5369,195,GPRa,95
5370,195,GPRa,NaN
5371,195,GPRa,148
5372,195,GPRa,50
5373,195,GPRa,76
5374,195,GPRa,97
5375,195,GPRa,NaN
5376,195,GPRa,NaN
5377,195,GPRa,345
5378,195,GPRa,NaN
5379,195,GPRa,NaN
5380,195,GPRa,NaN
5381,195,GPRa,909
5382,195,GPRa,NaN
5383,195,GPRa,NaN
5384,195,GPRa,812
5385,195,GPRa,136
5386,195,GPRa,NaN
5387,195,GPRa,440
5388,195,GPRa,NaN
5389,195,GPRa,743
5390,195,GPRa,183
5391,195,GPRa,67
5392,195,GPRa,752
5393,195,GPRa,146
5394,195,GPRa,206
5395,195,GPRa,36
5396,195,GPRa,46
5397,195,GPRa,76
5398,195,GPRa,263
5399,195,GPRa,117
5400,195,GPRa,158
5401,195,GPRa,757
5402,195,GPRa,NaN
5403,195,GPRa,321
5404,195,GPRa,141
5405,195,GPRa,169
5406,195,GPRa,771
5407,195,GPRa,NaN
5408,195,GPRa,765
5409,195,GPRa,536
5410,195,GPRa,495
5411,195,GPRa,208
5412,195,GPRa,976
5413,195,GPRa,725
5414,195,GPRa,166
5415,195,GPRa,101
5416,195,GPRa,479
5417,195,GPRa,383
5418,195,GPRa,487
5419,195,GPRa,448
5420,195,GPRa,NaN
5421,195,GPRa,NaN
5422,195,GPRa,NaN
5423,195,GPRa,142
5424,195,GPRa,139
5425,195,GPRa,NaN
5426,195,GPRa,NaN
5427,195,GPRa,NaN
5428,195,GPRa,NaN
5429,195,GPRa,121
5430,195,GPRa,119
5431,195,GPRa,125
5432,195,GPRa,NaN
5433,195,GPRa,NaN
5434,195,GPRa,115
5435,195,GPRa,NaN
5436,195,GPRa,NaN
5437,195,GPRa,62
5438,195,GPRa,63
5439,195,GPRa,227
5440,195,GPRa,89
5441,195,GPRa,425
5442,195,GPRa,437
5443,195,GPRa,343
5444,195,GPRa,715
5445,195,GPRa,822
5446,195,GPRa,900
5447,195,GPRa,461
5448,195,GPRa,383
5449,195,GPRa,855
5450,195,GPRa,940
5451,195,GPRa,487
5452,195,GPRa,422
5453,195,GPRa,467
5454,195,GPRa,464
5455,195,GPRa,581
5456,195,GPRa,467
5457,195,GPRa,474
5458,195,GPRa,526
5459,195,GPRa,494
5460,195,GPRa,127
5461,195,GPRa,NaN
5462,195,GPRa,557
5463,195,GPRa,NaN
5464,195,GPRa,133
5465,195,GPRa,339
5466,195,GPRa,541
5467,195,GPRa,597
5468,195,GPRa,NaN
5469,195,GPRa,NaN
5470,195,GPRa,NaN
5471,195,GPRa,332
5472,195,GPRa,513
5473,195,GPRa,NaN
5474,195,GPRa,NaN
5475,195,GPRa,NaN
5476,195,GPRa,NaN
5477,195,GPRa,339
5478,195,GPRa,776
5479,195,GPRa,613
5480,195,GPRa,779
5481,195,GPRa,678
5482,195,GPRa,909
5483,195,GPRa,670
5484,195,GPRa,695
5485,195,GPRa,521
5486,195,GPRa,821
5487,195,GPRa,276
5488,195,GPRa,729
5489,195,GPRa,341
5490,195,GPRa,48
5491,195,GPRa,197
5492,195,GPRa,218
5493,195,GPRa,14
5494,195,GPRa,405
5495,195,GPRa,335
5496,195,GPRa,968
5497,195,GPRa,214
5498,195,GPRa,1128
5499,195,GPRa,653
5500,195,GPRa,279
5501,195,GPRa,816
5502,195,GPRa,881
5503,195,GPRa,720
5504,195,GPRa,402
5505,195,GPRa,1108
5506,195,GPRa,490
5507,195,GPRa,456
5508,195,GPRa,251
5509,195,GPRa,850
5510,195,GPRa,366
5511,195,GPRa,NaN
5512,195,GPRa,71
5513,195,GPRa,695
5514,195,GPRa,158
5515,195,GPRa,4
5516,195,GPRa,222
5517,195,GPRa,253
5518,195,GPRa,211
5519,195,GPRa,132
5520,195,GPRa,NaN
5521,195,GPRa,110
5522,195,GPRa,138
5523,195,GPRa,68
5524,195,GPRa,68
5525,195,GPRa,118
5526,195,GPRa,NaN
5527,195,GPRa,NaN
5528,195,GPRa,77
5529,195,GPRa,92
5530,195,GPRa,186
5531,195,GPRa,197
5532,195,GPRa,NaN
5533,195,GPRa,208
5534,195,GPRa,155
5535,195,GPRa,585
5536,195,GPRa,585
5537,195,GPRa,206
5538,195,GPRa,310
5539,195,GPRa,346
5540,195,GPRa,509
5541,195,GPRa,276
5542,195,GPRa,42
5543,195,GPRa,NaN
5544,195,GPRa,245
5545,195,GPRa,405
5546,195,GPRa,476
5547,195,GPRa,327
5548,195,GPRa,386
5549,195,GPRa,94
5550,195,GPRa,251
5551,195,GPRa,244
5552,195,GPRa,341
5553,195,GPRa,270
5554,195,GPRa,413
5555,195,GPRa,284
5556,195,GPRa,294
5557,195,GPRa,377
5558,195,GPRa,228
5559,195,GPRa,NaN
5560,195,GPRa,287
5561,195,GPRa,360
5562,195,GPRa,279
5563,195,GPRa,543
5564,195,GPRa,251
5565,195,GPRa,234
5566,195,GPRa,554
5567,195,GPRa,450
5568,195,GPRa,191
5569,195,GPRa,60
5570,195,GPRa,113
5571,195,GPRa,NaN
5572,195,GPRa,NaN
5573,195,GPRa,NaN
5574,195,GPRa,NaN
5575,195,GPRa,NaN
5576,195,GPRa,33
5577,195,GPRa,NaN
5578,195,GPRa,154
5579,195,GPRa,204
5580,195,GPRa,259
5581,195,GPRa,NaN
5582,195,GPRa,NaN
5583,195,GPRa,NaN
5584,195,GPRa,9
5585,195,GPRa,NaN
5586,195,GPRa,NaN
5587,195,GPRa,143
5588,195,GPRa,NaN
5589,195,GPRa,NaN
5590,195,GPRa,403
5591,195,GPRa,234
5592,195,GPRa,583
5593,195,GPRa,681
5594,195,GPRa,648
5595,195,GPRa,448
5596,195,GPRa,470
5597,195,GPRa,467
5598,195,GPRa,NaN
5599,195,GPRa,38
5600,195,GPRa,NaN
5601,195,GPRa,NaN
5602,195,GPRa,NaN
5603,195,GPRa,101
5604,195,GPRa,37
5605,195,GPRa,53
5606,195,GPRa,42
5607,195,GPRa,175
5608,195,GPRa,7
5609,195,GPRa,220
5610,195,GPRa,152
5611,195,GPRa,200
5612,195,GPRa,112
5613,195,GPRa,180
5614,195,GPRa,NaN
5615,195,GPRa,NaN
5616,195,GPRa,293
5617,195,GPRa,115
5618,195,GPRa,62
5619,195,GPRa,149
5620,195,GPRa,NaN
5621,195,GPRa,NaN
5622,195,GPRa,73
5623,195,GPRa,304
5624,195,GPRa,70
5625,195,GPRa,275
5626,195,GPRa,476
5627,195,GPRa,515
5628,195,GPRa,419
5629,195,GPRa,NaN
5630,195,GPRa,NaN
5631,195,GPRa,NaN
5632,195,GPRa,302
5633,195,GPRa,112
5634,195,GPRa,NaN
5635,195,GPRa,79
5636,195,GPRa,571
5637,195,GPRa,301
5638,195,GPRa,539
5639,195,GPRa,324
5640,195,GPRa,NaN
5641,195,GPRa,68
5642,195,GPRa,118
5643,195,GPRa,NaN
5644,195,GPRa,NaN
5645,195,GPRa,NaN
5646,195,GPRa,NaN
5647,195,GPRa,110
5648,195,GPRa,NaN
5649,195,GPRa,667
5650,195,GPRa,639
5651,195,GPRa,467
5652,195,GPRa,436
5653,195,GPRa,584
5654,195,GPRa,NaN
5655,195,GPRa,NaN
5656,195,GPRa,NaN
5657,195,GPRa,NaN
5658,195,GPRa,NaN
5659,195,GPRa,285
5660,195,GPRa,318
5661,195,GPRa,NaN
5662,195,GPRa,388
5663,195,GPRa,NaN
5664,195,GPRa,NaN
5665,195,GPRa,276
5666,195,GPRa,50
5667,195,GPRa,NaN
5668,195,GPRa,NaN
5669,195,GPRa,117
5670,195,GPRa,1290
5671,195,GPRa,23
5672,195,GPRa,828
5673,195,GPRa,64
5674,195,GPRa,123
5675,195,GPRa,86
5676,195,GPRa,82
5677,195,GPRa,746
5678,195,GPRa,1777
5679,195,GPRa,NaN
5680,195,GPRa,1045
5681,195,GPRa,113
5682,195,GPRa,1672
5683,195,GPRa,777
5684,195,GPRa,NaN
5685,195,GPRa,1
5686,195,GPRa,142
5687,195,GPRa,96
5688,195,GPRa,593
5689,195,GPRa,594
5690,195,GPRa,769
5691,195,GPRa,NaN
5692,195,GPRa,NaN
5693,195,GPRa,NaN
5694,195,GPRa,NaN
5695,195,GPRa,NaN
5696,195,GPRa,NaN
5697,195,GPRa,NaN
5698,195,GPRa,NaN
5699,195,GPRa,NaN
5700,195,GPRa,NaN
5701,195,GPRa,NaN
5702,195,GPRa,135
5703,195,GPRa,114
5704,195,GPRa,54
5705,195,GPRa,55
5706,195,GPRa,NaN
5707,195,GPRa,NaN
5708,195,GPRa,124
5709,195,GPRa,NaN
5710,195,GPRa,174
5711,195,GPRa,79
5712,195,GPRa,NaN
5713,195,GPRa,77
5714,195,GPRa,NaN
5715,195,GPRa,655
5716,195,GPRa,628
5717,195,GPRa,639
5718,195,GPRa,841
5719,195,GPRa,338
5720,195,GPRa,1008
5721,195,GPRa,497
5722,195,GPRa,546
5723,195,GPRa,179
5724,195,GPRa,250
5725,195,GPRa,563
5726,195,GPRa,614
5727,195,GPRa,NaN
5728,195,GPRa,NaN
5729,195,GPRa,NaN
5730,195,GPRa,NaN
5731,195,GPRa,NaN
5732,195,GPRa,NaN
5733,195,GPRa,NaN
5734,195,GPRa,NaN
5735,195,GPRa,515
5736,195,GPRa,602
5737,195,GPRa,599
5738,195,GPRa,447
5739,195,GPRa,116
5740,195,GPRa,155
5741,195,GPRa,121
5742,195,GPRa,28
5743,195,GPRa,NaN
5744,195,GPRa,NaN
5745,195,GPRa,NaN
5746,195,GPRa,175
5747,195,GPRa,256
5748,195,GPRa,189
5749,195,GPRa,23
5750,195,GPRa,193
5751,195,GPRa,236
5752,195,GPRa,NaN
5753,195,GPRa,NaN
5754,195,GPRa,101
5755,195,GPRa,244
5756,195,GPRa,242
5757,195,GPRa,NaN
5758,195,GPRa,146
5759,195,GPRa,NaN
5760,195,GPRa,NaN
5761,195,GPRa,NaN
5762,195,GPRa,NaN
5763,195,GPRa,118
5764,195,GPRa,NaN
5765,195,GPRa,NaN
5766,195,GPRa,NaN
5767,195,GPRa,NaN
5768,195,GPRa,NaN
5769,195,GPRa,NaN
5770,195,GPRa,121
5771,195,GPRa,NaN
5772,195,GPRa,NaN
5773,195,GPRa,NaN
5774,195,GPRa,95
5775,195,GPRa,88
5776,195,GPRa,95
5777,195,GPRa,NaN
5778,195,GPRa,NaN
5779,195,GPRa,27
5780,195,GPRa,20
5781,195,GPRa,59
5782,195,GPRa,172
5783,195,GPRa,155
5784,195,GPRa,NaN
5785,195,GPRa,NaN
5786,195,GPRa,127
5787,195,GPRa,NaN
5788,195,GPRa,NaN
5789,195,GPRa,NaN
5790,195,GPRa,65
5791,195,GPRa,NaN
5792,195,GPRa,48
5793,195,GPRa,165
5794,195,GPRa,NaN
5795,195,GPRa,NaN
5796,195,GPRa,31
5797,195,GPRa,NaN
5798,195,GPRa,NaN
5799,195,GPRa,NaN
5800,195,GPRa,NaN
5801,195,GPRa,93
5802,195,GPRa,141
5803,195,GPRa,132
5804,195,GPRa,267
5805,195,GPRa,82
5806,195,GPRa,255
5807,195,GPRa,NaN
5808,195,GPRa,55
5809,195,GPRa,NaN
5810,195,GPRa,NaN
5811,195,GPRa,NaN
5812,195,GPRa,NaN
5813,195,GPRa,180
5814,195,GPRa,27
5815,195,GPRa,50
5816,195,GPRa,16
5817,195,GPRa,NaN
5818,195,GPRa,NaN
5819,195,GPRa,294
5820,195,GPRa,NaN
5821,195,GPRa,NaN
5822,195,GPRa,106
5823,195,GPRa,NaN
5824,195,GPRa,310
5825,195,GPRa,672
5826,195,GPRa,144
5827,195,GPRa,870
5828,195,GPRa,NaN
5829,195,GPRa,121
5830,195,GPRa,48
5831,195,GPRa,89
5832,195,GPRa,84
5833,195,GPRa,101
5834,195,GPRa,211
5835,195,GPRa,386
5836,195,GPRa,79
5837,195,GPRa,88
5838,195,GPRa,61
5839,195,GPRa,52
5840,195,GPRa,352
5841,195,GPRa,301
5842,195,GPRa,96
5843,195,GPRa,100
5844,195,GPRa,195
5845,195,GPRa,262
5846,195,GPRa,104
5847,195,GPRa,166
5848,195,GPRa,366
5849,195,GPRa,396
5850,195,GPRa,368
5851,195,GPRa,329
5852,195,GPRa,113
5853,195,GPRa,144
5854,195,GPRa,419
5855,195,GPRa,84
5856,195,GPRa,222
5857,195,GPRa,NaN
5858,195,GPRa,NaN
5859,195,GPRa,104
5860,195,GPRa,93
5861,195,GPRa,267
5862,195,GPRa,625
5863,195,GPRa,104
5864,195,GPRa,195
5865,195,GPRa,191
5866,195,GPRa,146
5867,195,GPRa,321
5868,195,GPRa,43
5869,195,GPRa,158
5870,195,GPRa,NaN
5871,195,GPRa,38
5872,195,GPRa,287
5873,195,GPRa,166
5874,195,GPRa,87
5875,195,GPRa,144
5876,195,GPRa,NaN
5877,195,GPRa,225
5878,195,GPRa,562
5879,195,GPRa,124
5880,195,GPRa,786
5881,195,GPRa,NaN
5882,195,GPRa,617
5883,195,GPRa,659
5884,195,GPRa,425
5885,195,GPRa,383
5886,195,GPRa,785
5887,195,GPRa,701
5888,195,GPRa,327
5889,195,GPRa,648
5890,195,GPRa,NaN
5891,195,GPRa,NaN
5892,195,GPRa,569
5893,195,GPRa,NaN
5894,195,GPRa,884
5895,195,GPRa,188
5896,195,GPRa,617
5897,195,GPRa,588
5898,195,GPRa,28
5899,195,GPRa,NaN
5900,195,GPRa,NaN
5901,195,GPRa,NaN
5902,195,GPRa,NaN
5903,195,GPRa,NaN
5904,195,GPRa,NaN
5905,195,GPRa,NaN
5906,195,GPRa,NaN
5907,195,GPRa,NaN
5908,195,GPRa,NaN
5909,195,GPRa,NaN
5910,195,GPRa,NaN
5911,195,GPRa,109
5912,195,GPRa,NaN
5913,195,GPRa,NaN
5914,195,GPRa,NaN
5915,195,GPRa,NaN
5916,195,GPRa,NaN
5917,195,GPRa,2
5918,195,GPRa,NaN
5919,195,GPRa,NaN
5920,195,GPRa,NaN
5921,195,GPRa,NaN
5922,195,GPRa,NaN
5923,195,GPRa,NaN
5924,195,GPRa,NaN
5925,195,GPRa,NaN
5926,195,GPRa,NaN
5927,195,GPRa,NaN
5928,195,GPRa,NaN
5929,195,GPRa,NaN
5930,195,GPRa,NaN
5931,195,GPRa,NaN
5932,195,GPRa,227
5933,195,GPRa,NaN
5934,195,GPRa,NaN
5935,195,GPRa,38
5936,195,GPRa,56
5937,195,GPRa,1215
5938,195,GPRa,453
5939,195,GPRa,50
5940,195,GPRa,48
5941,195,GPRa,61
5942,195,GPRa,99
5943,195,GPRa,130
5944,195,GPRa,NaN
5945,195,GPRa,NaN
5946,195,GPRa,NaN
5947,195,GPRa,NaN
5948,195,GPRa,NaN
5949,195,GPRa,NaN
5950,195,GPRa,NaN
5951,195,GPRa,149
5952,195,GPRa,163
5953,195,GPRa,116
5954,195,GPRa,NaN
5955,195,GPRa,NaN
5956,195,GPRa,NaN
5957,195,GPRa,NaN
5958,195,GPRa,335
5959,195,GPRa,NaN
5960,195,GPRa,NaN
5961,195,GPRa,79
5962,195,GPRa,NaN
5963,195,GPRa,48
5964,195,GPRa,48
5965,195,GPRa,NaN
5966,195,GPRa,29
5967,195,GPRa,73
5968,195,GPRa,41
5969,195,GPRa,232
5970,195,GPRa,NaN
5971,195,GPRa,50
5972,195,GPRa,242
5973,195,GPRa,208
5974,195,GPRa,163
5975,195,GPRa,211
5976,195,GPRa,157
5977,195,GPRa,90
5978,195,GPRa,37
5979,195,GPRa,118
5980,195,GPRa,76
5981,195,GPRa,44
5982,195,GPRa,248
5983,195,GPRa,222
5984,195,GPRa,29
5985,195,GPRa,29
5986,195,GPRa,NaN
5987,195,GPRa,32
5988,195,GPRa,336
5989,195,GPRa,84
5990,195,GPRa,NaN
5991,195,GPRa,NaN
5992,195,GPRa,29
5993,195,GPRa,65
5994,195,GPRa,70
5995,195,GPRa,NaN
5996,195,GPRa,NaN
5997,195,GPRa,NaN
5998,195,GPRa,NaN
5999,195,GPRa,144
6000,195,GPRa,220
6001,195,GPRa,101
6002,195,GPRa,NaN
6003,195,GPRa,42
6004,195,GPRa,31
6005,195,GPRa,222
6006,195,GPRa,222
6007,195,GPRa,76
6008,195,GPRa,73
6009,195,GPRa,413
6010,195,GPRa,1371
6011,195,GPRa,NaN
6012,195,GPRa,180
6013,195,GPRa,144
6014,195,GPRa,120
6015,195,GPRa,NaN
6016,195,GPRa,NaN
6017,195,GPRa,NaN
6018,195,GPRa,NaN
6019,195,GPRa,NaN
6020,195,GPRa,NaN
6021,195,GPRa,520
6022,195,GPRa,186
6023,195,GPRa,405
6024,195,GPRa,346
6025,195,GPRa,NaN
6026,195,GPRa,NaN
6027,195,GPRa,NaN
6028,195,GPRa,NaN
6029,195,GPRa,430
6030,195,GPRa,NaN
6031,195,GPRa,NaN
6032,195,GPRa,NaN
6033,195,GPRa,NaN
6034,195,GPRa,NaN
6035,195,GPRa,NaN
6036,195,GPRa,652
6037,195,GPRa,687
6038,195,GPRa,507
6039,195,GPRa,484
6040,195,GPRa,591
6041,195,GPRa,NaN
6042,195,GPRa,NaN
6043,195,GPRa,NaN
6044,195,GPRa,NaN
6045,195,GPRa,NaN
6046,195,GPRa,NaN
6047,195,GPRa,98
6048,195,GPRa,57
6049,195,GPRa,NaN
6050,195,GPRa,131
6051,195,GPRa,NaN
6052,195,GPRa,NaN
6053,195,GPRa,NaN
6054,195,GPRa,NaN
6055,195,GPRa,94
6056,195,GPRa,NaN
6057,195,GPRa,NaN
6058,195,GPRa,NaN
6059,195,GPRa,NaN
6060,195,GPRa,NaN
6061,195,GPRa,NaN
6062,195,GPRa,NaN
6063,195,GPRa,NaN
6064,195,GPRa,NaN
6065,195,GPRa,NaN
6066,195,GPRa,NaN
6067,195,GPRa,NaN
6068,195,GPRa,77
6069,195,GPRa,NaN
6070,195,GPRa,NaN
6071,195,GPRa,387
6072,195,GPRa,NaN
6073,195,GPRa,35
6074,195,GPRa,NaN
6075,195,GPRa,NaN
6076,195,GPRa,NaN
6077,195,GPRa,700
6078,195,GPRa,895
6079,195,GPRa,508
6080,195,GPRa,547
6081,195,GPRa,1130
6082,195,GPRa,765
6083,195,GPRa,NaN
6084,195,GPRa,722
6085,195,GPRa,499
6086,195,GPRa,401
6087,195,GPRa,615
6088,195,GPRa,917
6089,195,GPRa,1256
6090,195,GPRa,941
6091,195,GPRa,596
6092,195,GPRa,567
6093,195,GPRa,797
6094,195,GPRa,396
6095,195,GPRa,744
6096,195,GPRa,NaN
6097,195,GPRa,NaN
6098,195,GPRa,87
6099,195,GPRa,162
6100,195,GPRa,302
6101,195,GPRa,NaN
6102,195,GPRa,NaN
6103,195,GPRa,204
6104,195,GPRa,NaN
6105,195,GPRa,296
6106,195,GPRa,71
6107,195,GPRa,545
6108,195,GPRa,413
6109,195,GPRa,NaN
6110,195,GPRa,138
6111,195,GPRa,NaN
6112,195,GPRa,236
6113,195,GPRa,NaN
6114,195,GPRa,23
6115,195,GPRa,110
6116,195,GPRa,31
6117,195,GPRa,148
6118,195,GPRa,284
6119,195,GPRa,347
6120,195,GPRa,138
6121,195,GPRa,126
6122,195,GPRa,93
6123,195,GPRa,421
6124,195,GPRa,549
6125,195,GPRa,394
6126,195,GPRa,111
6127,195,GPRa,21
6128,195,GPRa,NaN
6129,195,GPRa,255
6130,195,GPRa,293
6131,195,GPRa,219
6132,195,GPRa,354
6133,195,GPRa,68
6134,195,GPRa,487
6135,195,GPRa,NaN
6136,195,GPRa,NaN
6137,195,GPRa,NaN
6138,195,GPRa,37
6139,195,GPRa,36
6140,195,GPRa,29
6141,195,GPRa,236
6142,195,GPRa,102
6143,195,GPRa,87
6144,195,GPRa,233
6145,195,GPRa,274
6146,195,GPRa,75
6147,195,GPRa,394
6148,195,GPRa,146
6149,195,GPRa,121
6150,195,GPRa,NaN
6151,195,GPRa,186
6152,195,GPRa,155
6153,195,GPRa,208
6154,195,GPRa,NaN
6155,195,GPRa,NaN
6156,195,GPRa,NaN
6157,195,GPRa,NaN
6158,195,GPRa,NaN
6159,195,GPRa,NaN
6160,195,GPRa,NaN
6161,195,GPRa,NaN
6162,195,GPRa,NaN
6163,195,GPRa,NaN
6164,195,GPRa,NaN
6165,195,GPRa,NaN
6166,195,GPRa,NaN
6167,195,GPRa,558
6168,195,GPRa,198
6169,195,GPRa,363
6170,195,GPRa,255
6171,195,GPRa,500
6172,195,GPRa,NaN
6173,195,GPRa,519
6174,195,GPRa,NaN
6175,195,GPRa,310
6176,195,GPRa,NaN
6177,195,GPRa,459
6178,195,GPRa,NaN
6179,195,GPRa,NaN
6180,195,GPRa,NaN
6181,195,GPRa,NaN
6182,195,GPRa,NaN
6183,195,GPRa,NaN
6184,195,GPRa,NaN
6185,195,GPRa,NaN
6186,195,GPRa,270
6187,195,GPRa,NaN
6188,195,GPRa,NaN
6189,195,GPRa,NaN
6190,195,GPRa,256
6191,195,GPRa,NaN
6192,195,GPRa,NaN
6193,195,GPRa,144
6194,195,GPRa,369
6195,195,GPRa,155
6196,195,GPRa,NaN
6197,195,GPRa,NaN
6198,195,GPRa,NaN
6199,195,GPRa,NaN
6200,195,GPRa,NaN
6201,195,GPRa,NaN
6202,195,GPRa,NaN
6203,195,GPRa,111
6204,195,GPRa,NaN
6205,195,GPRa,134
6206,195,GPRa,NaN
6207,195,GPRa,35
6208,195,GPRa,60
6209,195,GPRa,48
6210,195,GPRa,31
6211,195,GPRa,NaN
6212,195,GPRa,NaN
6213,195,GPRa,NaN
6214,195,GPRa,NaN
6215,195,GPRa,NaN
6216,195,GPRa,NaN
6217,195,GPRa,NaN
6218,195,GPRa,NaN
6219,195,GPRa,NaN
6220,195,GPRa,NaN
6221,195,GPRa,NaN
6222,195,GPRa,NaN
6223,195,GPRa,NaN
6224,195,GPRa,NaN
6225,195,GPRa,NaN
6226,195,GPRa,NaN
6227,195,GPRa,NaN
6228,195,GPRa,NaN
6229,195,GPRa,NaN
6230,195,GPRa,NaN
6231,195,GPRa,NaN
6232,195,GPRa,NaN
6233,195,GPRa,NaN
6234,195,GPRa,NaN
6235,195,GPRa,NaN
6236,195,GPRa,NaN
6237,195,GPRa,79
6238,195,GPRa,NaN
6239,195,GPRa,NaN
6240,195,GPRa,NaN
6241,195,GPRa,NaN
6242,195,GPRa,NaN
6243,195,GPRa,NaN
6244,195,GPRa,NaN
6245,195,GPRa,68
6246,195,GPRa,NaN
6247,195,GPRa,NaN
6248,195,GPRa,NaN
6249,195,GPRa,127
6250,195,GPRa,NaN
6251,195,GPRa,99
6252,195,GPRa,NaN
6253,195,GPRa,NaN
6254,195,GPRa,NaN
6255,195,GPRa,NaN
6256,195,GPRa,NaN
6257,195,GPRa,220
6258,195,GPRa,731
6259,195,GPRa,NaN
6260,195,GPRa,99
6261,195,GPRa,NaN
6262,195,GPRa,NaN
6263,195,GPRa,NaN
6264,195,GPRa,1763
6265,195,GPRa,NaN
6266,195,GPRa,1057
6267,195,GPRa,NaN
6268,195,GPRa,1669
6269,195,GPRa,610
6270,195,GPRa,NaN
6271,195,GPRa,NaN
6272,195,GPRa,NaN
6273,195,GPRa,78
6274,195,GPRa,609
6275,195,GPRa,669
6276,195,GPRa,751
6277,195,GPRa,NaN
6278,195,GPRa,NaN
6279,195,GPRa,NaN
6280,195,GPRa,NaN
6281,195,GPRa,NaN
6282,195,GPRa,149
6283,195,GPRa,NaN
6284,195,GPRa,225
6285,195,GPRa,371
6286,195,GPRa,NaN
6287,195,GPRa,NaN
6288,195,GPRa,493
6289,195,GPRa,568
6290,195,GPRa,650
6291,195,GPRa,552
6292,195,GPRa,NaN
6293,195,GPRa,393
6294,195,GPRa,NaN
6295,195,GPRa,1
6296,195,GPRa,52
6297,195,GPRa,NaN
6298,195,GPRa,NaN
6299,195,GPRa,NaN
6300,195,GPRa,NaN
6301,195,GPRa,NaN
6302,195,GPRa,224
6303,195,GPRa,212
6304,195,GPRa,949
6305,195,GPRa,298
6306,195,GPRa,731
6307,195,GPRa,644
6308,195,GPRa,522
6309,195,GPRa,183
6310,195,GPRa,329
6311,195,GPRa,1005
6312,195,GPRa,476
6313,195,GPRa,542
6314,195,GPRa,482
6315,195,GPRa,517
6316,195,GPRa,231
6317,195,GPRa,105
6318,195,GPRa,276
6319,195,GPRa,896
6320,195,GPRa,471
6321,195,GPRa,525
6322,195,GPRa,444
6323,195,GPRa,413
6324,195,GPRa,410
6325,195,GPRa,223
6326,195,GPRa,291
6327,195,GPRa,244
6328,195,GPRa,329
6329,195,GPRa,196
6330,195,GPRa,576
6331,195,GPRa,501
6332,195,GPRa,1
6333,195,GPRa,114
6334,195,GPRa,787
6335,195,GPRa,488
6336,195,GPRa,109
6337,195,GPRa,108
6338,195,GPRa,8
6339,195,GPRa,708
6340,195,GPRa,NaN
6341,195,GPRa,NaN
6342,195,GPRa,425
6343,195,GPRa,146
6344,195,GPRa,372
6345,195,GPRa,566
6346,195,GPRa,138
6347,195,GPRa,437
6348,195,GPRa,71
6349,195,GPRa,664
6350,195,GPRa,873
6351,195,GPRa,867
6352,195,GPRa,536
6353,195,GPRa,557
6354,195,GPRa,496
6355,195,GPRa,858
6356,195,GPRa,203
6357,195,GPRa,837
6358,195,GPRa,935
6359,195,GPRa,729
6360,195,GPRa,856
6361,195,GPRa,891
6362,195,GPRa,574
6363,195,GPRa,293
6364,195,GPRa,354
6365,195,GPRa,496
6366,195,GPRa,428
6367,195,GPRa,469
6368,195,GPRa,12
6369,195,GPRa,517
6370,195,GPRa,254
6371,195,GPRa,NaN
6372,195,GPRa,166
6373,195,GPRa,81
6374,195,GPRa,191
6375,195,GPRa,225
6376,195,GPRa,195
6377,195,GPRa,NaN
6378,195,GPRa,315
6379,195,GPRa,241
6380,195,GPRa,NaN
6381,195,GPRa,NaN
6382,195,GPRa,624
6383,195,GPRa,256
6384,195,GPRa,499
6385,195,GPRa,1026
6386,195,GPRa,431
6387,195,GPRa,465
6388,195,GPRa,267
6389,195,GPRa,102
6390,195,GPRa,453
6391,195,GPRa,242
6392,195,GPRa,330
6393,195,GPRa,523
6394,195,GPRa,433
6395,195,GPRa,155
6396,195,GPRa,71
6397,195,GPRa,155
6398,195,GPRa,70
6399,195,GPRa,102
6400,195,GPRa,NaN
6401,195,GPRa,NaN
6402,195,GPRa,226
6403,195,GPRa,NaN
6404,195,GPRa,NaN
6405,195,GPRa,69
6406,195,GPRa,253
6407,195,GPRa,124
6408,195,GPRa,NaN
6409,195,GPRa,NaN
6410,195,GPRa,178
6411,195,GPRa,336
6412,195,GPRa,399
6413,195,GPRa,290
6414,195,GPRa,180
6415,195,GPRa,NaN
6416,195,GPRa,216
6417,195,GPRa,130
6418,195,GPRa,308
6419,195,GPRa,119
6420,195,GPRa,345
6421,195,GPRa,236
6422,195,GPRa,NaN
6423,195,GPRa,NaN
6424,195,GPRa,283
6425,195,GPRa,142
6426,195,GPRa,565
6427,195,GPRa,682
6428,195,GPRa,812
6429,195,GPRa,90
6430,195,GPRa,912
6431,195,GPRa,704
6432,195,GPRa,211
6433,195,GPRa,689
6434,195,GPRa,584
6435,195,GPRa,311
6436,195,GPRa,106
6437,195,GPRa,76
6438,195,GPRa,251
6439,195,GPRa,892
6440,195,GPRa,940
6441,195,GPRa,804
6442,195,GPRa,398
6443,195,GPRa,1109
6444,195,GPRa,848
6445,195,GPRa,345
6446,195,GPRa,NaN
6447,195,GPRa,NaN
6448,195,GPRa,654
6449,195,GPRa,NaN
6450,195,GPRa,NaN
6451,195,GPRa,NaN
6452,195,GPRa,NaN
6453,195,GPRa,410
6454,195,GPRa,600
6455,195,GPRa,656
6456,195,GPRa,218
6457,195,GPRa,293
6458,195,GPRa,478
6459,195,GPRa,522
6460,195,GPRa,422
6461,195,GPRa,NaN
6462,195,GPRa,NaN
6463,195,GPRa,NaN
6464,195,GPRa,NaN
6465,195,GPRa,749
6466,195,GPRa,560
6467,195,GPRa,614
6468,195,GPRa,292
6469,195,GPRa,549
6470,195,GPRa,383
6471,195,GPRa,757
6472,195,GPRa,656
6473,195,GPRa,NaN
6474,195,GPRa,NaN
6475,195,GPRa,421
6476,195,GPRa,534
6477,195,GPRa,568
6478,195,GPRa,99
6479,195,GPRa,362
6480,195,GPRa,414
6481,195,GPRa,521
6482,195,GPRa,128
6483,195,GPRa,441
6484,195,GPRa,310
6485,195,GPRa,225
6486,195,GPRa,377
6487,195,GPRa,NaN
6488,195,GPRa,253
6489,195,GPRa,588
6490,195,GPRa,362
6491,195,GPRa,490
6492,195,GPRa,395
6493,195,GPRa,1814
6494,195,GPRa,851
6495,195,GPRa,1070
6496,195,GPRa,868
6497,195,GPRa,919
6498,195,GPRa,663
6499,195,GPRa,1041
6500,195,GPRa,916
6501,195,GPRa,826
6502,195,GPRa,425
6503,195,GPRa,299
6504,195,GPRa,272
6505,195,GPRa,835
6506,195,GPRa,1090
6507,195,GPRa,334
6508,195,GPRa,556
6509,195,GPRa,915
6510,195,GPRa,1088
6511,195,GPRa,171
6512,195,GPRa,331
6513,195,GPRa,627
6514,195,GPRa,480
6515,195,GPRa,357
6516,195,GPRa,324
6517,195,GPRa,NaN
6518,195,GPRa,517
6519,195,GPRa,377
6520,195,GPRa,723
6521,195,GPRa,1013
6522,195,GPRa,NaN
6523,195,GPRa,NaN
6524,195,GPRa,NaN
6525,195,GPRa,NaN
6526,195,GPRa,NaN
6527,195,GPRa,NaN
6528,195,GPRa,NaN
6529,195,GPRa,NaN
6530,195,GPRa,607
6531,195,GPRa,678
6532,195,GPRa,594
6533,195,GPRa,NaN
6534,195,GPRa,NaN
6535,195,GPRa,970
6536,195,GPRa,726
6537,195,GPRa,618
6538,195,GPRa,965
6539,195,GPRa,416
6540,195,GPRa,418
6541,195,GPRa,649
6542,195,GPRa,528
6543,195,GPRa,567
6544,195,GPRa,590
6545,195,GPRa,549
6546,195,GPRa,556
6547,195,GPRa,817
6548,195,GPRa,652
6549,195,GPRa,850
6550,195,GPRa,482
6551,195,GPRa,642
6552,195,GPRa,632
6553,195,GPRa,1112
6554,195,GPRa,798
6555,195,GPRa,NaN
6556,195,GPRa,48
6557,195,GPRa,NaN
6558,195,GPRa,NaN
6559,195,GPRa,164
6560,195,GPRa,297
6561,195,GPRa,267
6562,195,GPRa,280
6563,195,GPRa,NaN
6564,195,GPRa,327
6565,195,GPRa,NaN
6566,195,GPRa,NaN
6567,195,GPRa,NaN
6568,150,GPRa,NaN
6569,150,GPRa,106
6570,150,GPRa,335
6571,150,GPRa,373
6572,150,GPRa,620
6573,150,GPRa,424
6574,150,GPRa,443
6575,150,GPRa,329
6576,150,GPRa,342
6577,2.5,GPRa,435
6578,2.5,GPRa,569
6579,2.5,GPRa,702
6580,2.5,GPRa,813
6581,2.5,GPRa,900
6582,2.5,GPRa,370
6583,2.5,GPRa,707
6584,2.5,GPRa,796
6585,2.5,GPRa,306
6586,2.5,GPRa,229
6587,2.5,GPRa,749
6588,2.5,GPRa,1047
6589,2.5,GPRa,538
6590,2.5,GPRa,756
6591,2.5,GPRa,782
6592,2.5,GPRa,716
6593,2.5,GPRa,742
6594,2.5,GPRa,855
6595,2.5,GPRa,693
6596,2.5,GPRa,679
6597,2.5,GPRa,983
6598,2.5,GPRa,881
6599,2.5,GPRa,636
6600,2.5,GPRa,1104
6601,2.5,GPRa,268
6602,2.5,GPRa,531
6603,2.5,GPRa,443
6604,2.5,GPRa,674
6605,2.5,GPRa,347
6606,2.5,GPRa,1016
6607,2.5,GPRa,1198
6608,2.5,GPRa,852
6609,2.5,GPRa,798
6610,2.5,GPRa,543
6611,2.5,GPRa,382
6612,2.5,GPRa,400
6613,2.5,GPRa,953
6614,2.5,GPRa,1231
6615,2.5,GPRa,782
6616,2.5,GPRa,673
6617,2.5,GPRa,1015
6618,2.5,GPRa,1049
6619,2.5,GPRa,887
6620,2.5,GPRa,391
6621,2.5,GPRa,845
6622,2.5,GPRa,844
6623,2.5,GPRa,470
6624,25,GPRh,159
6625,25,GPRh,198
6626,25,GPRh,218
6627,NaN,DRI,93
6628,NaN,EM,104
6629,100,GPRt,120
6630,4,GPRt,78
6631,4,GPRt,50